:020000040800F2
:10000000B0090020A9010008E9380008C52E000841
:10001000E5380008BD0D000881430008000000001D
:100020000000000000000000000000005D3F00082C
:10003000D90D000800000000593F0008613F00088A
:10004000C3010008C3010008C3010008C301000880
:10005000C3010008C3010008C3010008C301000870
:10006000C3010008C3010008C3010008C301000860
:10007000C3010008C3010008C3010008C301000850
:10008000C10D0008CD0D0008C3010008C301000820
:10009000C3010008C3010008C3010008DD0D00080A
:1000A000C3010008C3010008C3010008C301000820
:1000B000C3010008C3010008693F0008C30100082C
:1000C000C3010008C3010008C3010008C301000800
:1000D000C3010008C301000875430008C3010008FC
:1000E000C3010008C3010008C301000800F002F8C2
:1000F00000F04AF80AA090E8000C82448344AAF178
:100100000107DA4501D100F03FF8AFF2090EBAE875
:100110000F0013F0010F18BFFB1A43F0010318473B
:1001200010A9000030A90000103A24BF78C878C197
:10013000FAD8520724BF30C830C144BF04680C60ED
:10014000704700000023002400250026103A28BF35
:1001500078C1FBD8520728BF30C148BF0B60704739
:10016000662909F0D681642900F08C800020704750
:100170001FB500F0A9FC04000020002108F060F881
:10018000E0601FBD10B510BD00F0A2FD1146FFF7E5
:10019000EFFF04F04FFF00F0C0FD03B4FFF7F2FFE4
:1001A00003BC00F003FE00000948804709480047EF
:1001B000FEE7FEE7FEE7FEE7FEE7FEE7FEE7FEE717
:1001C000FEE7FEE704480549054A064B7047000074
:1001D000653F0008ED000008B0030020B0090020D2
:1001E000B0050020B005002053EA020C23D010B562
:1001F0004C1084EA530404D54042C1F1000138BFD9
:10020000491E1B4204D55242C3F1000338BF5B1E96
:1002100000F051F914F0804F04D04042C1F10001C8
:1002200038BF491E14F0004F04D05242C3F10003FE
:1002300038BF5B1E10BD13B540424FF0000070EB9D
:100240000104B8BF012001F0004100281CBF6FF07D
:1002500000414FF0FF30AFF300801CBD0FB41CB560
:10026000074B06AA7B4469460090059800F013FCF2
:100270000020694600F022FC1CBC5DF814FB000065
:10028000550800002DE9F041064600241068752944
:10029000314616A510D0AFF30080002802DA4042A4
:1002A00013A507E031688A0701D512A502E04907C6
:1002B00004D511A5012401E0AFF3008000210A223A
:1002C00006F1240709E0B0FBF2FCB0FBF2F302FBFD
:1002D0001C00303078541846491C0028F3D12346BE
:1002E0002A463046BDE8F04100F068B90000000041
:1002F0002D0000002B000000200000002DE9F04739
:100300004FF0000A89460446C0F820A02046E16864
:100310008847002876D0252806D0D4E901219047C7
:10032000206A401C2062F1E7E168204600258847EA
:10033000C4F81CA006460027C4F818A02A2E09D02D
:10034000304607F039FC38B304EB8708303EC8F874
:10035000186019E059F8041B204604EB87029161EC
:10036000E1688847012F064618D1E069002820DAA5
:1003700025F020051DE0D8F8180000EB800006EB02
:1003800040003038C8F818002046E1688847064623
:1003900007F012FC0028EED1012F0AD02E2E08D132
:1003A0002046E16888477F1C0646022F45F020055D
:1003B000C4DBA069002803DA404245F00105A061D2
:1003C000E80701D025F01005B6B1A6F141001928C3
:1003D00002D8203645F400654A463146204625605D
:1003E0004D46FFF7BDFE58B1012806D0ED1D25F0A2
:1003F000070000F1080989E704E005F1040985E731
:1004000030468AE7206ABDE8F08740EA010310B56C
:100410009B070FD1042A0DD310C808C9121F9C4294
:10042000F8D020BA19BA884201D9012010BD4FF086
:10043000FF3010BD1AB1D30703D0521C07E00020D3
:1004400010BD10F8013B11F8014B1B1B07D110F830
:10045000013B11F8014B1B1B01D1921EF1D1184633
:1004600010BD4FF0000200B5134694469646203961
:1004700022BFA0E80C50A0E80C50B1F12001BFF45D
:10048000F7AF090728BFA0E80C5048BF0CC05DF8C3
:1004900004EB890028BF40F8042B08BF704748BF11
:1004A00020F8022B11F0804F18BF00F8012B704785
:1004B00070477047704753EA020C00F069802DE9DD
:1004C000F04B4FF00006002B1FBFB3FA83F503FA81
:1004D00005F424FA05F65E4012BF1643B2FA82F51F
:1004E00002FA05F4C5F120051EBF22FA05FC44EA14
:1004F0000C04203556EA044C4FEA144418BF641C1F
:100500004FF000084FF00009904271EB030C39D313
:10051000002919BFB1FA81F701FA07F6B0FA80F79E
:1005200000FA07F6C7F120071EBF20FA07FC46EACB
:100530000C062037B6FBF4FCA7EB0507103F07F0CD
:100540001F0BCBF120062CFA06F60CFA0BFB44BF6E
:10055000B3460026202FA4BF5E464FF0000B5BEA97
:10056000060C08BF4FF0010B19EB0B0948EB06080E
:10057000ABFB027C06FB02CC0BFB03CCC01B71EB7C
:100580000C01C1E70B46024641464846BDE8F08BE8
:1005900013B5084318BF4FF0FF300146AFF300809A
:1005A000BDE81C40704710B500F092FA006810BD1D
:1005B00010B5044600F08CFA046010BD2DE9F04738
:1005C0000D4699469246044600F1240801688806C3
:1005D00004D5E06921F01001216000E00120A8426B
:1005E00001DD471B00E00027A1697A1902EB090031
:1005F000081AA0612078C00602D42046AFF300801C
:10060000002608E0D4E901211AF806009047206A84
:10061000401C761C20624E45F4DB2078C0060AD5CB
:100620002046AFF3008006E0D4E901213020904756
:10063000206A401C2062381EA7F10107F4DC07E0A5
:10064000D4E9012118F805009047206A401C206277
:10065000281EA5F10105F3DC2046AFF300802078C9
:10066000000602D50220BDE8F0870120FBE72DE956
:10067000FF4F0C461E464FF0FF378BB0D2E900010A
:10068000DDF860800A908A46C1F30A5505B93D46F7
:10069000002108464FF00000BAF1000F00F44000BE
:1006A00005DA00EB80004FF4400101EA50004FEA08
:1006B0009059B9F1010F00DDB9460A9850EA4A0095
:1006C0000ED044F61050A5F2FF3545432F14B8F173
:1006D000000F1ED07542291E1EDDC9F100021CE06C
:1006E000B8F1010F4FF0000001D0302103E0F243D8
:1006F00005E02154401CB042FBDB304600220021C3
:1007000021540B99C1F80880C1E900200FB0BDE861
:10071000F08FBD1B6D1CDEE74A4600DA694206A871
:1007200000F060FA06AB93E8070003AB83E807002C
:1007300050460A9906F0FCFD8DE80700A0F5005030
:100740001F3800900398002D0ADD42F21F014A462F
:100750000844002303A90390684607F065F809E000
:10076000A0F500504A461F38002303A903906846AD
:1007700007F06FF88DE807000004000C03D04FF07D
:10078000FF30410800E01046B8F1000F03D000220E
:10079000009215461EE0751E05D400F09DF930321A
:1007A00062556D1EF9D5B3460122084302D00022DE
:1007B0007F1C04E02078302801D100227F1E002A0F
:1007C000099784D01DE0112D07DA00F085F9303249
:1007D00062556D1C50EA0102F5D1084302D0009821
:1007E000C8B10EE00021681E05E0235C625C635422
:1007F0002254401E491C8142F7DBAB46A81B401E19
:100800000990002004F80B000B98099AC0F80880A2
:10081000C0E9002B7AE711264FF0000857E72DE9D1
:10082000F04F88460446D21D22F0070191B0D1E96D
:100830000001CDE90A0107F043F902460B98C00F09
:1008400001D02D2007E02068810701D52B2002E090
:10085000202101EAC000032A099001D0072A05DB04
:1008600003464146204600F07DF90BE120788006E2
:1008700001D5E06900E00620B8F1650F814606D099
:10088000B8F1660F18D0B8F1670F70D131E00020D1
:10089000B9F1110F009001DB112301E009F101030F
:1008A0000AAA01A90CA8FFF7E2FEDDE90C700026F8
:1008B00009F10105834647E001204B4600904FF0C7
:1008C00000470AAA01A90CA8FFF7D1FEDDE90DB087
:1008D0000C995D46002610B909F101000D18B9EB1D
:1008E000050003D4C0F1FF3609F10105A5EB0900AD
:1008F0002BE0B9F1010F01DA4FF001090020B9F145
:10090000110F0090484601DD112300E003460AAABA
:1009100001A90CA8FFF7ABFEDDE90C704D460026DF
:100920008346207800070AD4AB4500DA5D4601A86B
:10093000012D04DD411911F8011C302907D04F4564
:1009400002DA17F1040F04DA012082460FE06D1E6F
:10095000EEE7002F02DCED1B3E4403E0781CA842CA
:1009600000DD7D1CB81B00F1010A4FF00047207824
:10097000000703D4AA4501DB4FF0FF3A0021B7F18D
:10098000004F0DF143088DF8431024D002202B2393
:10099000002F01DA7F422D230A21021EA0F101005F
:1009A00000DC5FB197FBF1FC97FBF1F201FB1C7CD3
:1009B00017460CF1300C08F801CDEEE7A8F1010064
:1009C00003702188090501D5452100E06521A0F1CA
:1009D000010800F8011C09980FA9A1EB0807FF1DE9
:1009E00000B10120411901EBEA70A1693844081AED
:1009F000401EA0612078C00602D42046AFF30080DC
:100A0000099828B1D4E901219047206A401C20624E
:100A10002078C00622D52046AFF300801EE0002ECD
:100A200004DBB34502DD01A8805D00E03020D4E99D
:100A300001219047206A401C2062761CAAF1010027
:100A40005FEA000A0AD100F03FF8C0680168405C24
:100A5000D4E901219047206A401C2062281EA5F19C
:100A60000105DCDC07E0D4E9012118F8010B90470F
:100A7000206A401C2062381EA7F10107F3DC2046E3
:100A8000AFF30080032011B041E6000001694A1C69
:100A900002610878704700B58FB0CDE901310021BF
:100AA000059105497944CDE9031011466846FFF7E1
:100AB00025FC0FB000BD0000E5FFFFFF0A6802F84B
:100AC000010B0A607047000000487047700000206A
:100AD000004870475000002030B5B0F10A0271F1B3
:100AE00000034FEA900E4EEA817EB0EB0E0061EB00
:100AF00091014FEA101E4EEA017E10EB0E0041EB11
:100B000011114FEA102E4EEA016E10EB0E0041EB70
:100B100011214FEA104E4EEA014E10EB0E0041EB50
:100B20001141401841F100014FEAD00040EA417004
:100B30004FEAD1014FEA810444EA907410EB80053A
:100B400044EB01046D1944EB0404521BA3414FF024
:100B5000000348BF0A3200D530BD401C41F10001FE
:100B600030BD00002DE9F0411F4604460326016810
:100B7000072A01F4006004DB08B116A505E016A5FC
:100B800003E008B115A500E015A521F010002060D4
:100B9000A069C01EA0610FB1401EA0612046AFF346
:100BA00000804FB1D4E9012138469047206A401CAB
:100BB0002062C01C206206E0206AFAE7D4E9012125
:100BC00015F8010B9047761EF8D22046AFF300804F
:100BD000BDE8F0814E414E006E616E00494E460008
:100BE000696E66002DE9F047814616468AB03548A1
:100BF00078440DC88DE80D0032487844801C03AC61
:100C00000DC884E80D0041F69B300844372190FB65
:100C1000F1F290FBF1F5A5F1800501FB12041B3CFC
:100C200002D56442012000E00020DFF898A0804651
:100C30000027FA44AAF1BE0A0EE0E0070AD03246C5
:100C4000684607EB470101230AEB810106F001FE2C
:100C50008DE8070064107F1C002CEED1194F7F44F3
:100C6000AE3F19E0E80715D007EB04100DF1180AA4
:100C700090E80E008AE80E00C068F04201D1981991
:100C800008903246012306A903A806F0E2FD03AB53
:100C900083E807006D10641C002DE3D14FF00103C1
:100CA00032466946B8F1000F03A802D006F0BCFD39
:100CB00001E006F0CEFDC9E90001C9F808200AB03C
:100CC000BDE8F087808B000000487047500000208E
:100CD0007546FFF7F9FFAE4605006946534620F01A
:100CE0000700854618B020B5FFF76CFABDE8204034
:100CF0004FF000064FF000074FF000084FF0000BD8
:100D0000AC46ACE8C009ACE8C009ACE8C009ACE846
:100D1000C00921F007018D46704710B50446AFF3B6
:100D200000802046BDE81040FFF737BA4FF0013C85
:100D300050F8042B51F8043B9A4221D1A2EB0C034A
:100D4000934313EACC1317D150F8042B51F8043B0A
:100D50009A4215D1A2EB0C03934313EACC130BD1A7
:100D600050F8042B51F8043B9A4209D1A2EB0C0332
:100D7000934313EACC13DBD04FF00000704700BF61
:100D8000D01A01BAB1FA81F101F0180122FA01F08A
:100D9000CB40DBB2C0B2C01AC1F120012CFA01F382
:100DA000D11A914311EAC311E6D1704701491820C5
:100DB000ABBEFEE72600020070470000FEE7000021
:100DC00040F2BC10C2F2000000F090B840F20020E7
:100DD000C2F2000000F08AB8704700004FF40070C3
:100DE00000F006BAEFF3108072B600BFFEE7000015
:100DF000014690F82100022816D10868D1E90FC3F6
:100E0000026822F00E020260026822F00102026013
:100E1000012000FA03F2CCF8042081F82100002020
:100E2000002281F8202070470420886301200022DE
:100E300081F820207047000080B590F82110022929
:100E400024D10268116821F00E0111602F2113686E
:100E5000C4F202018A4240F20401C4F2020123F00A
:100E60000103136016DD3023C4F202039A421DD041
:100E70004423C4F202039A421CD05823C4F2020352
:100E80009A421DD14FF4803322E000BF04218163D8
:100E9000012080BD0823C4F202039A420ED01C2315
:100EA000C4F202039A420BD1102311E04FF4807375
:100EB0000EE000BF4FF480530AE000BF012307E0BB
:100EC00001F1680C4FF08073624508BF4FF4801346
:100ED0000B60012180F82110426B002180F8201066
:100EE0000AB190470021084680BD000010B5D0E946
:100EF0000FCE0168DCF800300A6823FA0EF35C07B5
:100F00002AD512F0040427D00A68920603D40A688E
:100F100022F004020A602F22C4F20202914240F23F
:100F20000402C4F202025BDD3023C4F202039942E0
:100F300072D04423C4F20203994273D05823C4F2FE
:100F40000203994240F07A804FF480231360C16A13
:100F5000002940F098806FE09C0727D512F002042A
:100F600024D00A68920606D40A6822F00A020A60AF
:100F7000012280F821202F22C4F20202914240F285
:100F80000402C4F202023BDD3023C4F202039942A0
:100F900060D04423C4F2020399425FD05823C4F2C4
:100FA0000203994260D14FF4003365E01B0743D53B
:100FB00012F0080208BF10BD0A6822F00E020A6093
:100FC000012101FA0EF2CCF80420816380F821108F
:100FD000016B0022002980F8202054D12CE000BFB2
:100FE0000823C4F20203994222D01C23C4F2020354
:100FF000994223D140231360C16A002943D11BE0E9
:101000000823C4F2020399422CD01C23C4F2020329
:10101000994229D120232FE04FF480631360C16AE5
:1010200089BB09E04FF480431360C16A59BB03E0F8
:1010300004231360C16A31BB10BD00BF02F1680414
:101040004FF08063A14208BF4FF480031360C16A70
:10105000C9B9F1E74FF400730EE000BF4FF400533D
:101060000AE000BF022307E002F168044FF00073BA
:10107000A14208BF4FF400131360816A00220029C7
:1010800080F82020D8D0BDE810400847014600284D
:101090004FF0010008BF70472DE9F043D1F800C0C0
:1010A0004FF6F873CBF6FD734CF6CD426344CCF6A5
:1010B000CC42A3FB02236FF0030707EA9303002748
:1010C000C4F2020701F10C09C1E90F730223D1E94F
:1010D000012E99E87002D1F81C8081F82130DCF8EB
:1010E000003043F6F077BB431A4342EA0E02224334
:1010F0002A43324342EA090242EA0802CCF80020BD
:1011000000228A6381F8210081F820200020BDE8B8
:10111000F0437047F0B590F820C0BCF1010F32D019
:101120004FF0010E80F820E090F821C0BCF1010FD3
:1011300026D14FF0020C80F821C04FF0000CC0F80F
:1011400038C0D0E900C4C56AC66BDCF80070102C4A
:1011500027F00107CCF80070006C0EFA00F0706008
:101160000846CCF8043004BF10460A46CCF8080004
:10117000CCF80C20DCF8000045B140F00E000DE08A
:10118000002180F820100220F0BD00BF20F00400F4
:10119000CCF80000DCF8000040F00A00CCF80000B9
:1011A000DCF8000040F00100CCF800000020F0BDA9
:1011B000B0B5044600F03EF9054640F20800C2F220
:1011C00000000078611C18BF044400BF00F032F931
:1011D000401BA042FAD3B0BDB0F5007F18BF7047E6
:1011E00040F2C000C2F2000001210160704700001F
:1011F00040F21441C4F201010A68024214BF0860BF
:101200007047FFF7E9BF00002DE9F04F82B041F2CF
:101210000042C4F201020E680423904208BF032377
:10122000002E009300F0F68040F2004C4FF6FF7E57
:101230000022C4F2010C0124C1F2100E4FF0000A8A
:101240004FF0000947E000BF012502F00C040F2712
:10125000A7402BEA070705FA04F43C4343F826406D
:10126000D1F804B040F20C455FEACB23DCF808303B
:1012700054BF23EA080343EA0803C4F20105CCF88B
:1012800008302B685FEA8B2454BF23EA080343EA43
:1012900008032B605FEA8B34DCF8043054BF23EA88
:1012A000080343EA08035FEACB34CCF80430DCF8E7
:1012B00000304FF0010454BF23EA080343EA080357
:1012C000CCF800300E680AF1010A36FA0AF302F18E
:1012D000040200F09F8004FA0AF816EA080FF1D021
:1012E0004B68734512DC122B56D8DFE803F0350B40
:1012F0004549555555555555555555555555554DC2
:10130000510000BFD1F80C9046E000BF4FF6FF75CA
:10131000C1F22105AB420FDC0025C1F21105AB4241
:101320001AD00025C1F21205AB4215D00025C1F23A
:101330002105AB4210D02FE00025C1F22205AB42BF
:101340000AD00025C1F23105AB4205D00025C1F21B
:101350003205AB4220D100BF8B684BB1012B14BFCB
:10136000C0F81480C0F810804FF0080914E000BFE6
:101370004FF0040910E000BFCB6803F108090BE04F
:101380004FF0000908E000BFCB6803F1040903E057
:10139000CB6803F10C0900BF13460546BAF1080FEC
:1013A00024BF203B04352E680F279F40BE4309FA17
:1013B00003F333432B60CB79DB067FF583AF41F238
:1013C0001804C4F2020423684FEA9A0643F00103AA
:1013D0002360236840F6000403F001030193019B9E
:1013E000ACF57E7353F826B0C4F20104A0420FD0CE
:1013F00040F60044C4F20104A0423FF425AF41F29C
:101400000004C4F20104009DA04208BF02251CE7AD
:1014100000251AE702B0BDE8F08F000080680840A0
:1014200018BF012070470000002A08BF09040161AD
:101430007047000040F2AC30C2F200000068704714
:1014400040F2080040F2AC31C2F20000C2F20001EA
:1014500000780A68104408607047000080B542F2C6
:101460000000C4F20200016841F010010160032095
:1014700000F08AF80F2000F005F800F027F80020AF
:1014800080BD000070B540F20806C2F2000640F2CE
:1014900048013278C2F200014FF47A730968B3FB55
:1014A000F2F20446B1FBF2F1084600F05FFB0F2CAC
:1014B0004FF0010508D838B94FF0FF30214600221F
:1014C000002500F035F87460284670BD82B041F206
:1014D0001800C4F202000168022241F0010101601B
:1014E000016801F0010101910199416841F08051C9
:1014F0004160406800F08050009000980420C4F2E1
:101500000100016862F31A61016002B070470000D7
:10151000002848BF704700F01F01012202FA01F1C4
:101520004EF200124009CEF2000242F8201070473D
:1015300010B54EF60C5CCEF2000CDCF80030C3F3B4
:10154000022E8EF00704042C28BF0424BEF10303EE
:101550004FF0FF3E0EFA04F438BF0023A143994038
:101560000EFA03F39A43114300F00F02043A624467
:1015700009010C3200F16043B0F1FF3FC8BF03F531
:101580006442117010BD00004EF60C51CEF2000105
:101590000A684FF6FF031A4060F30A2242F08060A7
:1015A00040F0FD70086070472DE9F04381B00028DD
:1015B00000F0858042F20008C4F202080446D8F820
:1015C00000000D4600F0070088420CD2D8F8000059
:1015D00020F007002843C8F80000D8F8000000F009
:1015E0000700A8426BD1206841F204098107C4F2C8
:1015F000020917D5410705D5D9F8001041F4E0617B
:10160000C9F80010010705D5D9F8001041F4605160
:10161000C9F80010D9F80010A26821F0F0011143B8
:10162000C9F80010C00741D1D8F8000000F0070049
:10163000A8420CD9D8F8000020F007002843C8F8C9
:101640000000D8F8000000F00700A84237D1206859
:10165000410707D5D9F80010E26821F4E061114391
:10166000C9F80010000708D5D9F80000216920F456
:10167000605040EAC100C9F80000D9F8002002F02B
:101680000C00082841F20020C0F27A0050D149F63F
:101690009C53C2F38341C0F60003595CD2033BD490
:1016A00040F60010C0F23D00484341E06068022867
:1016B0000AD001282AD159F8041C890308D4012032
:1016C00001B0BDE8F08300BF59F8041C8901F6D5CC
:1016D000D9F8001021F003010843C9F80000FFF712
:1016E000A9FE064641F28837D9F80000616800F08B
:1016F0000C00B0EB810F97D0FFF79CFE801BB84227
:10170000F2D9032001B0BDE8F08300BF59F8041CF2
:101710008907D4D5DCE700BFD9F8002049F2AA73C5
:10172000C2F34042C0F600039A5C4843B0FBF2F0BB
:10173000D9F8001049F29272C1F30311C0F6000209
:10174000515C40F2480220FA01F140F20C00C2F272
:1017500000000068C2F200021160FFF793FE002053
:1017600001B0BDE8F083000040F2480041F20401FE
:10177000C2F20000C4F202010068096849F2A272D4
:10178000C1F30221C0F60002515CC840704700005E
:1017900040F2480041F20401C2F20000C4F202012A
:1017A0000068096849F2A272C1F3C221C0F60002C2
:1017B000515CC840704700002DE9F04182B000281C
:1017C00068D00446007841F20006C007C4F2020661
:1017D00025D0706800F00C0004281BD0706800F061
:1017E0000C00082802D17068C00313D46068002878
:1017F00000F06881B0F5A02F00F07C81B0F5803F4B
:1018000000F07C81306820F480303060306820F453
:10181000802076E13068800301D56068D0B32078FD
:10182000800718D5706810F00C0F07D0706800F0B2
:101830000C0008286ED17068C0036BD43068800734
:1018400002D52069012825D13068616920F0F800AF
:1018500040EAC1003060207800071FD4207840079C
:1018600032D4E56995B1706800F00C00082840F0AA
:101870008F80012D0ED07068216A00F480328A4278
:1018800008D1616A00F47010884203D1002002B0D0
:10189000BDE8F081012002B0BDE8F081A069002818
:1018A00062D00020C4F242200121C0F88014FFF76A
:1018B000C1FD0546706A800700F18C80FFF7BAFD14
:1018C000401B0228F6D92AE1F06910F0805808D1AF
:1018D000F06940F08050F061F06900F080500090B5
:1018E000009847F20007C4F200073868C00529D401
:1018F000386840F480703860FFF79CFD054600BFF3
:101900003868C0051ED4FFF795FD401B6428F7D941
:1019100005E100BF2069002840F20000C4F2422027
:1019200000F0828001210160FFF784FD054600BFC1
:10193000306880073FF588AFFFF77CFD401B022829
:10194000F6D9ECE0E068002800F08080052800F07F
:101950009780012800F09880306A20F00100306202
:10196000306A20F0040092E00020C4F242200021FE
:10197000C0F88014FFF75EFD054600BF706A80075F
:101980007FF56CAFFFF756FD401B0228F6D9C6E085
:101990000027C4F2422700203866FFF74BFD022DD6
:1019A00005460BD13068800140F1BE80FFF742FD53
:1019B000401B02284FF00300F4D968E7306880012B
:1019C0007FF564AFFFF736FD401B02284FF00300A0
:1019D000F4D95CE740F24800C2F20000006844F627
:1019E000D351C1F26201A0FB0101480A019000BF7E
:1019F00000BF0198411E002801913FF42FAF00BFA6
:101A00000198411E002801913FF428AF00BF0198C2
:101A1000411E002801913FF421AF00BF0198411EF3
:101A200000280191E4D119E700210160FFF702FDD0
:101A3000054600BF306880077FF50DAFFFF7FAFC61
:101A4000401B02284FF00300F4D920E7306A20F051
:101A500001003062306A20F004003062FFF7EAFCD7
:101A6000054641F2883700BF306A800720D5FFF76E
:101A7000E1FC401BB8424FF00300F5D907E700BF77
:101A8000306A40F004003062306A40F00100306299
:101A9000FFF7D0FC054641F2883700BF306A800767
:101AA00006D4FFF7C7FC401BB842F7D937E000BFA8
:101AB000B8F1000F7FF4D5AEF06920F08050F061EE
:101AC000CFE600BF306820F480303060306820F40A
:101AD00080203060FFF7AEFC054600BF3068800311
:101AE0007FF59DAEFFF7A6FC401B64284FF0030076
:101AF000F4D9CCE6306840F480203060306840F49F
:101B000080303060FFF796FC054600BF30688003E8
:101B10003FF585AEFFF78EFC401B6428F6D9032005
:101B200002B0BDE8F08100BF206AB0F5803F05D16A
:101B30007168A26821F40031114371607168626AB2
:101B400021F4741110430843706001203866FFF7D8
:101B500071FC0446306880013FF598AEFFF76AFCDF
:101B6000001B02284FF00300F4D990E6411E00202C
:101B7000B0EB116F1CBF012070474EF21002CEF285
:101B8000000251604EF62351CEF20001F0230B709B
:101B90000721906011607047704700007047000097
:101BA00010B590F83C20012A4FF0020233D080F8A3
:101BB0003D200268D2F804E0D2F808C00C682EF08C
:101BC0007003234340F2FF74C4F20004A242536046
:101BD0000ADCB2F1804F13D040F20043C4F200039C
:101BE0009A420DD011E000BF42F60043C4F2010357
:101BF0009A4205D040F60003C4F200039A4204D191
:101C000049682CF08003194391600121002280F87B
:101C10003D1080F83C20104610BD0000002804BF95
:101C20000120704710B5044690F83D0028B9002007
:101C300084F83C00204600F06FF8022084F83D0054
:101C4000206840F2FF730268C4F2000342F6004CC1
:101C50009842C4F2010C15DCB0F1804F1AD040F26A
:101C60000041C4F20001884214D0984218DCB0F15F
:101C7000804F1DD040F20041C4F20001884217D0CD
:101C80001AE000BF604505D040F60001C4F2000133
:101C90008842EAD1A16822F070020A439842E6DD48
:101CA000604505D040F60001C4F20001884203D12E
:101CB000216922F440720A43A36922F08001D4F81A
:101CC00004E0E268194360450160C262C0F828E0A0
:101CD00002D16169CCF83010012141610269D2075B
:101CE00003D0026922F001020261002084F846104C
:101CF00084F83E1084F83F1084F8401084F84110B6
:101D000084F8421084F8431084F8441084F8451095
:101D100084F83D1010BD000080B584B0006840F626
:101D20000001C4F20001884218D040F20041C4F220
:101D3000000188422AD0B0F1804F34D141F21C001A
:101D4000C4F20200016841F001010160006800F086
:101D500001000390039804B080BD00BF41F21C0055
:101D6000C4F202000168002241F004010160006831
:101D7000002100F00400019001981E20FFF7D8FB1D
:101D80001E2004B0BDE88040FFF7C2BB41F21C003A
:101D9000C4F20200016841F002010160006800F035
:101DA00002000290029804B080BD000080B590F857
:101DB0003C20012A4FF0020200F0C28080F83D2052
:101DC000D0F800C04FF67772DCF8083023EA020240
:101DD000CCF808200B684F2B28DC1F2B44DD202B70
:101DE00045D0302B43D0402B40F0AC80D1F804E0FC
:101DF000C968DCF82030DCF8202022F00102CCF8A1
:101E00002020DCF8182022F0F00242EA011123F031
:101E10000A0242EA0E02CCF81810CCF82020DCF8B6
:101E2000081041F0470121F0300180E06F2B27DDE1
:101E3000B3F5005F48D0B3F5805F7AD0702B40F0E7
:101E40008180D1E901E3C968DCF8082043EA0E0388
:101E500022F47F4243EA01211143CCF80810DCF858
:101E6000081041F0770162E00BB1102B6AD1DCF869
:101E7000081021F07001194341F0070157E000BF3D
:101E8000502B35D0602B5DD1D1F804E0C968DCF867
:101E90002030DCF8202022F01002CCF82020DCF8E2
:101EA000182022F4704242EA013123F0A00242EAF3
:101EB0000E12CCF81810CCF82020DCF8081041F0F5
:101EC000670121F0100132E0D1E901E3C968DCF8D3
:101ED000082043EA0E0322F47F4243EA0121114322
:101EE000CCF80810DCF8081041F480411FE000BF76
:101EF000D1F804E0C968DCF82030DCF8202022F0BA
:101F00000102CCF82020DCF8182022F0F00242EA8E
:101F1000011123F00A0242EA0E02CCF81810CCF8A4
:101F20002020DCF8081041F0570121F02001CCF806
:101F300008100022012180F83D10002180F83C109B
:101F4000104680BD0122F5E77047000070B50446D9
:101F50000068C5680669B10716D515F0020113D0EF
:101F60006FF002010161012121778069800703D0B0
:101F70002046FFF7E9FF05E0204600F08FF82046F5
:101F800000F010FA00202077700719D515F0040032
:101F900016D020686FF00401016102212177806969
:101FA00010F4407F04D02046FFF7CEFF06E000BFCC
:101FB000204600F073F8204600F0F4F90020207766
:101FC000300717D515F0080014D020686FF008010D
:101FD000016104212177C069800703D02046FFF703
:101FE000B3FF05E0204600F059F8204600F0DAF98A
:101FF00000202077F00619D515F0100016D02068C3
:102000006FF01001016108212177C06910F4407F51
:1020100004D02046FFF798FF06E000BF204600F0FE
:102020003DF8204600F0BEF900202077F00718BFE9
:1020300015F0010002D1300609D412E020686FF0DB
:1020400001010161204600F01FFA300609D515F0A4
:10205000800006D020686FF0800101612046FFF704
:102060009BFD700609D515F0400006D020686FF082
:1020700040010161204600F009FAB00658BF70BD6A
:1020800015F0200008D021686FF0200220460A6178
:10209000BDE87040FFF782BD70BD000070470000D2
:1020A0002DE9F04390F83C30012B04BF0220BDE83D
:1020B000F0834FEAB202032A3CD8DFE802F0034380
:1020C0007FB900BF036842F600461D6A1A6AC4F26F
:1020D000010622F001021A621A465C6852F818CF13
:1020E000B3428E68D1F800E025F0020545EA060506
:1020F0000CD1CE68D1E9057824F4407425F00C05A4
:1021000026F004063C43354344EA08042CF07307E8
:1021100047EA0E075C609F614F6809695F631D6253
:102120009F6947F008079F619F6927F004079F6137
:10213000AEE000BF0121002280F83C200846BDE847
:10214000F08300BF036842F600461D6A1A6AC4F2B3
:10215000010622F010021A621A46D3F804C052F89F
:10216000184FB3428E68D1F800E025F0200545EA0B
:1021700006150FD1CE68D1E905986FF0400707EA40
:1021800006162CF4406725F0C00547EA8907354359
:1021900047EA880C24F4E64444EA0E27C3F804C056
:1021A0009F614F6809699F631D629F6947F40067DB
:1021B0009F619F6927F480679F6168E0036842F62A
:1021C00000461D6A1A6AC4F2010622F480721A627D
:1021D0001A46D3F804C052F81CEFB3428E680C685C
:1021E00025F4007545EA06250FD1CE68D1E905989A
:1021F000360240F2FF47BE432CF4405725F44065B9
:1022000047EA0917354347EA081C2EF073072743AE
:10221000C3F804C0DF614F680969DF631D62DF69CD
:1022200047F00807DF61DF6927F00407DF612FE06F
:10223000036842F60047D3F820C01A6AC4F20107C7
:1022400022F480521A621A465C6852F81C5FD1F878
:1022500000E08E68BB4204D14F6924F4804444EA14
:1022600087142CF4005747EA063725F4E64646EA79
:102270000E265C60DE614E6809691E641F62DF69BC
:1022800047F40067DF61DF6927F48067DF610902D7
:102290001368194311600021002280F83C20084691
:1022A000BDE8F083002804BF0120704710B5044644
:1022B00090F83D0028B9002084F83C00204600F04A
:1022C0006FF8022084F83D00206840F2FF73026836
:1022D000C4F2000342F6004C9842C4F2010C15DC33
:1022E000B0F1804F1AD040F20041C4F200018842A0
:1022F00014D0984218DCB0F1804F1DD040F200415C
:10230000C4F20001884217D01AE000BF604505D032
:1023100040F60001C4F200018842EAD1A16822F02F
:1023200070020A439842E6DD604505D040F60001A0
:10233000C4F20001884203D1216922F440720A43A9
:10234000A36922F08001D4F804E0E26819436045F3
:102350000160C262C0F828E002D16169CCF8301097
:10236000012141610269D20703D0026922F0010212
:102370000261002084F8461084F83E1084F83F1073
:1023800084F8401084F8411084F8421084F8431017
:1023900084F8441084F8451084F83D1010BD000006
:1023A000704700007047000041B1082910D004298F
:1023B00014BF00F1410200F13F020BE090F83E2013
:1023C000012A1CBF01207047022280F83E2013E042
:1023D00000F140021278012A1CBF0120704702223E
:1023E000082907D0042914BF80F8412080F83F2035
:1023F00002E000BF80F84020006801F01F010122C8
:10240000036A8A4023EA02010162036A42F64441F8
:10241000C4F201011A43A1F14403984202620FD0B1
:1024200040F2FF71C4F20001884213DCB0F1804F2A
:102430001CD040F20041C4F20001884216D01CE0DA
:102440000A6842F400420A6040F2FF71C4F20001DF
:102450008842EBDD42F60041C4F20101884205D01A
:1024600040F60001C4F20001884206D1816801F003
:102470000701062904BF00207047016841F00101EF
:1024800001600020704700007047000070470000A6
:1024900070B582B0044690F8420020280AD1134655
:1024A0000A4600294FF0010018BF002B06D102B0E8
:1024B00070BD00BF022002B070BD00BF01202063CC
:1024C000002522206563A262A385656484F842002A
:1024D0002168E06B44F2FD0C44F25D2E43F68176F8
:1024E000C0F6000CC0F6000EC0F600060431C0E9CC
:1024F0000ACEC0E90C65FEF70DFE01952068016863
:102500000191416801910199216929B350E8030FB4
:10251000216840F4807041E80302EAB1206850E885
:10252000030F216840F4807041E80302A2B12068E3
:1025300050E8030F216840F4807041E803025AB16B
:10254000206850E8030F216840F4807041E80302DE
:1025500012B12068DAE700BF206850E8050F216853
:1025600040F0010041E80502E2B1206850E8050FA3
:10257000216840F0010041E805029AB1206850E866
:10258000050F216840F0010041E8050252B12068C2
:1025900050E8050F216840F0010041E80502002ADB
:1025A000DAD100BF206850E8050F216840F04000F4
:1025B00041E80502DAB1206850E8050F216840F0D3
:1025C000400041E8050292B1206850E8050F2168FB
:1025D00040F0400041E805024AB1206850E8050F8C
:1025E000216840F0400041E80502002ADAD1206B62
:1025F000012839D10020009021680A6800924A68B9
:102600000092009A51E8031F226841F0100142E84D
:102610000313002B3FF44BAF206850E8030F2168F1
:1026200040F0100041E8030212B3206850E8030FA5
:10263000216840F0100041E80302CAB1206850E868
:10264000030F216840F0100041E8030282B12068C6
:1026500050E8030F216840F0100041E80302002A0F
:102660004FF00000D8D122E7012002B070BD00BFBA
:10267000002002B070BD000040F21C31C2F2000127
:10268000884218BF7047B0B540F2C001C2F20001E5
:102690000B7B40F2000CC2F2000C0022502BCCF855
:1026A0000020CCF8042023D14A7B432A20D18A7B06
:1026B000452A1DD1CA7B4E2A1AD14A7C8B7C6424C0
:1026C000624303EB8303C87C91F815E002EB4302FD
:1026D0008B7D10440EFB04F403EB8303CA7D04EBF3
:1026E000430341F2D0451A44401B521BCCE900027F
:1026F00040F21C300C31C2F200006422BDE8B04050
:10270000FFF7C6BE70470000B0B582B0044600684F
:102710000168C368426901F02F05202D03F02005F0
:1027200006D12DB1204602B0BDE8B04001F0A2BDF7
:102730005FEA017C1EBF02F0010E03F4907212EBFF
:102740000E0255D1226B012A05D111F0100218BFDB
:1027500013F0100236D10A0622D513F080021FD0E2
:1027600094F84110212941D1A168B1F5805F03D1CE
:102770002169002900F07282216A4A1C22620978CC
:102780004160E18C01390A04E1842FD1C16821F054
:102790008001C160C16841F04001C16002B0B0BDBC
:1027A000490623D513F0400120D0C16821F0400133
:1027B000C1602021204684F8411002B0BDE8B0403D
:1027C00000F07EBB002101910168019141680191F7
:1027D00001994169490600F18F80A18DE28DE38D59
:1027E000002B1CBF891A5FEA01420CD102B0B0BDB8
:1027F000CA0718BF13F4807240F038814A0700F10D
:102800003B8140E1206850E8030F226820F490707B
:1028100042E80303DBB1206850E8030F226820F48C
:10282000907042E8030393B1206850E8030F2268D8
:1028300020F4907042E803034BB1206850E8030F86
:10284000226820F4907042E80303002BDAD120685C
:1028500050E8050F226820F0010042E80503DBB1D3
:10286000206850E8050F226820F0010042E80503C7
:1028700093B1206850E8050F226820F0010042E87B
:1028800005034BB1206850E8050F226820F00100D5
:1028900042E80503002BDAD1202084F84200002012
:1028A0002063206850E8030F226820F0100042E8FF
:1028B0000303DBB1206850E8030F226820F010000A
:1028C00042E8030393B1206850E8030F226820F028
:1028D000100042E803034BB1206850E8030F226860
:1028E00020F0100042E80303002BDAD1022289B263
:1028F00020466263B4E000BFE16B0A68526893B29D
:10290000002B3FF473AFA58DAB42BFF46FAFE285F0
:102910008969202900F09D8050E8030F216820F488
:10292000807041E80302EAB1206850E8030F216893
:1029300020F4807041E80302A2B1206850E8030F40
:10294000216820F4807041E803025AB1206850E801
:10295000030F216820F4807041E8030212B120685F
:10296000DAE700BF206850E8050F216820F0010079
:1029700041E80502DAB1206850E8050F216820F02F
:10298000010041E8050292B1206850E8050F216876
:1029900020F0010041E805024AB1206850E8050F27
:1029A000216820F0010041E80502002ADAD1206800
:1029B00050E8050F216820F0400041E80502DAB137
:1029C000206850E8050F216820F0400041E805022A
:1029D00092B1206850E8050F216820F0400041E8DE
:1029E00005024AB1206850E8050F216820F0400038
:1029F00041E80502002ADAD1202084F842000020B4
:102A00002063206850E8030F216820F0100041E89F
:102A10000302DAB1206850E8030F216820F01000AB
:102A200041E8030292B1206850E8030F216820F0CA
:102A3000100041E803024AB1206850E8030F216802
:102A400020F0100041E80302002ADAD1E06BFEF723
:102A5000CFF902206063A08DE18D401A81B220463B
:102A600002B0BDE8B040FFF707BE00BF626C42F0A5
:102A7000010262644A0706D5BEF1000F03D0626C02
:102A800042F0020262648A0706D5BEF1000F03D04D
:102A9000626C42F004026264BCF1000F06D555EA94
:102AA0000E0203D0626C42F008026264626C002A7B
:102AB0003FF49CAE11F0200118BF002D03D020463A
:102AC00001F0D8FB20684169626C01F0400102F01E
:102AD0000802891800F0A28050E8030F216820F452
:102AE000907041E80302C2B3206850E8030F2168E8
:102AF00020F4907041E803027AB3206850E8030F95
:102B0000216820F4907041E8030232B3206850E855
:102B1000030F216820F4907041E80302EAB12068B5
:102B2000DAE700BF206850E8050F216820F00100B7
:102B300041E80502DAB1206850E8050F216820F06D
:102B4000010041E8050292B1206850E8050F2168B4
:102B500020F0010041E805024AB1206850E8050F65
:102B6000216820F0010041E80502002ADAD1206B3B
:102B7000012824D1206850E8030F216820F01000BC
:102B800041E80302DAB1206850E8030F216820F021
:102B9000100041E8030292B1206850E8030F216859
:102BA00020F0100041E803024AB1206850E8030F0A
:102BB000216820F0100041E80302002ADAD1202029
:102BC00084F84200002020632068416949063FD50F
:102BD00050E8050F216820F0400041E805022AB3C3
:102BE000206850E8050F216820F0400041E8050208
:102BF000E2B1206850E8050F216820F0400041E86C
:102C000005029AB1206850E8050F216820F04000C5
:102C100041E8050252B12068DAE700BF2046FFF71D
:102C200071FD0020606402B0B0BD00BFE06B78B100
:102C300043F67571C0F600014163FEF7FDF8002808
:102C40003FF4D4ADE06B416B02B0BDE8B040084743
:102C5000204602B0BDE8B040FFF754BD216A31F80C
:102C6000022B6FF35F22426021628AE5002804BFD5
:102C70000120704710B5044690F8410028B90020A3
:102C800084F84000204600F061F8242084F84100D8
:102C90002068D4E90212C36823F40053C3600369B7
:102CA00023F440531A430261D4E904231143C26858
:102CB000194341F20C639A431143C1604169A2690F
:102CC00021F44071114343F60002C4F20102904224
:102CD000416103D0FEF748FD02E000BFFEF758FD5A
:102CE0006268192148439100B0FBF1F048F21F518E
:102CF000C5F2EB11A0FB01235A096FF0630302FB3D
:102D00000300322303EB0010A0FB0101F02303EAD0
:102D10005113206803EB0212C1F343111144816087
:102D2000016921F490410161416921F02A01416169
:102D3000C16841F40051C16000202021606484F822
:102D4000411084F84210606310BD00002DE9F0418D
:102D500086B00446006844F60001C4F20001002673
:102D600088420596CDE90366029671D044F200418F
:102D7000C4F20001884240F09C8041F21800C4F285
:102D80000200416840F6000541F4003141604168AD
:102D9000C4F2010501F4003101910199016802AE0C
:102DA00041F004010160006840F26C0800F004008A
:102DB00001900198042002900220039003200590C6
:102DC00028463146C4F20208FEF71EFA0820029097
:102DD000002728463146CDE90377FEF715FA40F281
:102DE000BC15C2F2000580262846C5E90087C5E962
:102DF0000276C5E90477C5E90677FEF747F90028AA
:102E000018BFFDF7EFFFE5636C6240F2002508F1A3
:102E10001400C2F20005102185E883002846C5E9A8
:102E20000367C5E90577EF61FEF730F9002818BFA1
:102E3000FDF7D8FF262000210022A5636C62FEF773
:102E400077FB2620FEF764FB06B0BDE8F08100BFEB
:102E500041F21800C4F20200416802AD41F4802141
:102E60004160416801F4802101910199016841F0BC
:102E7000080101600068294600F0080001900198EF
:102E80004FF480600290022003900320059040F6EA
:102E90000000C4F2010000F580642046FEF7B4F99A
:102EA0004FF40060CDE90206204629460496FEF75D
:102EB000ABF906B0BDE8F081704700007047000034
:102EC00070470000FEE7000010B584B041F2180022
:102ED000C4F20200016840F6004441F008010160BC
:102EE0000068C4F2010400F008000090009803207C
:102EF000009003901120019069462046FEF784F966
:102F0000204601210022FEF78FFA204602210122ED
:102F1000FEF78AFA204601210122FEF785FA04B065
:102F200010BD00002DE9F04F83B040F60045C4F21B
:102F300001050190284602210122FEF775FA284674
:102F40000121FEF76BFA0290284602210022FEF7CB
:102F50006BFA284602210122FEF766FA2846012173
:102F6000FEF75CFA8246284602210022FEF75CFA50
:102F7000284602210122FEF757FA28460121FEF7D2
:102F80004DFA8346284602210022FEF74DFA2846D4
:102F900002210122FEF748FA28460121FEF73EFAF7
:102FA0000446284602210022FEF73EFA2846022166
:102FB0000122FEF739FA28460121FEF72FFA0646CC
:102FC000284602210022FEF72FFA2846022101227C
:102FD000FEF72AFA28460121FEF720FA074628467E
:102FE00002210022FEF720FA284602210122FEF7E4
:102FF0001BFA28460121FEF711FA804628460221D5
:103000000022FEF711FA284602210122FEF70CFAEF
:1030100028460121FEF702FA8146284602210022B5
:10302000FEF702FA0198A8B1284601210022FEF716
:10303000FBF9284602210122FEF7F6F92846022173
:103040000022FEF7F1F9284601210122FEF7ECF9F2
:103050000FE000BF284601210122FEF7E5F92846CE
:1030600002210122FEF7E0F9284602210022FEF7A4
:10307000DBF90298002818BF0120BAF1000F18BF31
:103080004FF0010A4AEA40008000BBF1000F18BF70
:103090004FF0010B40EA4B00002C18BF01242044E4
:1030A0008000002E18BF012640EA4600002F18BFFE
:1030B000012738448000B8F1000F18BF4FF0010815
:1030C00040EA4800B9F1000F18BF4FF00109484429
:1030D000C0B203B0BDE8F08FB0B540F60044C4F212
:1030E00001040546C20920460121FEF79DF920464C
:1030F00002210122FEF798F9204602210022FEF764
:1031000093F9C5F3801220460121FEF78DF9204680
:1031100002210122FEF788F9204602210022FEF753
:1031200083F9C5F3401220460121FEF77DF92046C0
:1031300002210122FEF778F9204602210022FEF743
:1031400073F9C5F3001220460121FEF76DF9204600
:1031500002210122FEF768F9204602210022FEF733
:1031600063F9C5F3C00220460121FEF75DF9204650
:1031700002210122FEF758F9204602210022FEF723
:1031800053F9C5F3800220460121FEF74DF9204690
:1031900002210122FEF748F9204602210022FEF713
:1031A00043F9C5F3400220460121FEF73DF92046D0
:1031B00002210122FEF738F9204602210022FEF703
:1031C00033F905F0010220460121FEF72DF92046D2
:1031D00002210122FEF728F9204602210022FEF7F3
:1031E00023F9204601210122BDE8B040FEF71CB9B9
:1031F00010B540F60044C4F201042046012101222A
:10320000FEF712F9204602210122FEF70DF92046B1
:1032100001210022FEF708F9204602210022BDE824
:103220001040FEF701B9000010B540F60044C4F2AA
:103230000104204601210022FEF7F6F82046022173
:103240000122FEF7F1F8204601210122BDE81040DD
:10325000FEF7EAB8B0B540F60044C4F201042046D7
:1032600001210122FEF7E0F8204602210122FEF7AB
:10327000DBF820460121FEF7D1F80546002820465C
:103280004FF002014FF0000218BF0125FEF7CCF805
:103290002846B0BD70B582B014460D4606460DF105
:1032A000020368204321062200F074F810B102B036
:1032B00070BD00BFBDF80210BDF8042009BA090CAA
:1032C000318011BABDF80620090C298011BA090C09
:1032D000218002B070BD000010B5FFF7F5FD6B2036
:1032E000802100F08FF86420FDF762FF6B20002141
:1032F00000F088F81B20182100F084F81C20002121
:1033000000F080F81920132100F07CF81A20042125
:1033100000F078F83820002100F074F86A200021CD
:1033200000F070F82320002100F06CF83720802195
:1033300000F068F8FFF75CFFD020FFF7CDFEFFF745
:1033400089FF7520FFF7C8FEFFF784FFFFF750FFE6
:10335000D120FFF7C1FEFFF77DFF0020FFF7E2FD60
:103360000446FFF761FF682C1CBF012010BD6B20D5
:10337000012100F047F86C200021002400F042F801
:103380001920132100F03EF81A20042100F03AF829
:10339000204610BDF0B581B01C4615460E460746C6
:1033A000FFF726FF7F00F8B2FFF796FEFFF752FF08
:1033B00030B10124FFF738FF204601B0F0BD00BF57
:1033C0003046FFF789FEFFF745FFFFF711FF47F093
:1033D0000100C0B2FFF780FEFFF73CFF06E000BF30
:1033E0000020FFF79FFD04F8010B013DE8B2012822
:1033F000F6D008B10120F4E70024FFF715FF2046BE
:1034000001B0F0BDB0B50C460546FFF7F1FED02087
:10341000FFF762FEFFF71EFF20B1FFF705FF012057
:10342000B0BD00BF2846FFF757FEFFF713FF204649
:10343000FFF752FEFFF70EFF0446002818BF0124D5
:10344000FFF7F2FE2046B0BDF0B581B01C46154630
:103450000E460746FFF7CCFE7800C0B2FFF73CFEF1
:10346000FFF7F8FE30B10124FFF7DEFE204601B081
:10347000F0BD00BF3046FFF72FFEFFF7EBFE55B162
:103480002078FFF729FEFFF7E5FE0028EBD1013D8C
:1034900004F10104F4D10024FFF7C6FE204601B078
:1034A000F0BD000080B582B041F21400C4F2020009
:1034B0000168002241F0010101600068002100F074
:1034C0000100019001981020FEF732F81020FEF75D
:1034D0001FF8112000210022FEF72AF8112002B067
:1034E000BDE88040FEF714B82DE9F04184B041F208
:1034F0001800C4F20200016840F6000441F0200107
:1035000001600168C4F2010401F0200100910099FA
:10351000016804F5806541F0040101600168002242
:1035200001F004010091009901684FF2F00641F0AA
:103530000801016000684FF2F00100F008000090FF
:10354000009828464FF00008FDF76EFF0096012016
:103550006E46CDE901080227284631460397FDF75C
:1035600053FE4FF4007000900020C1F21100CDE92D
:10357000010720463146FDF747FE4FF40C40CDE9E8
:103580000008204631460297FDF73EFE1720002135
:103590000022FDF7CDFF1720FDF7BAFF04B0BDE80C
:1035A000F081000010B594B040F244200021C2F236
:1035B00000004FF08042472340F2E7340E91CDE9FE
:1035C0000C110991CDE90711CDE90511CDE90311E0
:1035D000CDE90111C0E90023C0E902140161816154
:1035E000FEF71CFB002818BFFDF7FCFB4FF48050D2
:1035F0000B9040F24420C2F200000BA9FEF7D6FB6C
:10360000002818BFFDF7EEFB40F24420C2F2000094
:10361000FEF748FE002818BFFDF7E4FB40F2442007
:103620000024C2F2000008A9CDE90844FEF7B8FA68
:10363000002818BFFDF7D6FB6020CDE901040394F4
:10364000059440F24424C2F2000401A9204600225D
:10365000FEF726FD002818BFFDF7C4FB206840F2E6
:103660000042C4F2000200219042CDE911111091F4
:1036700012D0B0F1804F28D141F21800C4F20200FC
:10368000016841F004010160006800F004000F903F
:103690000F9801200EE000BF41F21800C4F20200B2
:1036A000016841F004010160006800F004000F901F
:1036B0000F984020109002201190139040F60000C7
:1036C000C4F2010010A9FDF79FFD14B010BD000069
:1036D000B0B594B040F2004540F28C20C4F2000531
:1036E0000021C2F20000472240F2E7330E91CDE9FB
:1036F0000C110991CDE90711CDE90511CDE90311AF
:10370000CDE90111C0E90052C0E9021301618161F4
:10371000FEF784FA002818BFFDF764FB4FF48050D1
:103720000B9040F28C20C2F200000BA9FEF73EFB8A
:10373000002818BFFDF756FB40F28C20C2F20000B3
:10374000FEF7B0FD002818BFFDF74CFB40F28C20BF
:103750000024C2F2000008A9CDE90844FEF720FACF
:10376000002818BFFDF73EFB6020CDE9010403945B
:10377000059440F28C24C2F2000401A920460022E4
:10378000FEF78EFC002818BFFDF72CFB20680021F7
:10379000A84212911191109112D0B0F1804F26D110
:1037A00041F21800C4F20200016841F00401016016
:1037B000006800F004000F900F9801200EE000BF99
:1037C00041F21800C4F20200016841F004010160F6
:1037D000006800F004000F900F9840201090022025
:1037E0001190139005F5823010A9FDF70DFD14B06E
:1037F000B0BD000080B586B040F2D42040F6000293
:103800000021C2F20000C4F2000241F61F434FF64D
:10381000FF7C0591CDE90311CDE90011C0E900233A
:10382000C0E9021C01618161FEF7F8F9002818BFA8
:10383000FDF7D8FA4FF48050029040F2D420C2F243
:10384000000002A9FEF7B2FA002818BFFDF7CAFA75
:1038500040F2D420C2F200006946FEF7A1F9002828
:1038600018BFFDF7BFFA06B080BD000080B540F27A
:103870001C3044F20041C2F20000C4F200010023F7
:103880004FF00C0C4FF4E13280E80E00C0E9033336
:10389000C0E905C3C361FFF7E9F9002808BF80BD8F
:1038A000BDE88040FDF79EBA80B540F2643044F632
:1038B0000001C2F20000C4F2000100234FF00C0C22
:1038C0004FF4E13280E80E00C0E90333C0E905C3DC
:1038D000C361FFF7CBF9002808BF80BDBDE8804079
:1038E000FDF780BAFEE70000FEE7000070B540F685
:1038F00000440025C4F2010445F0B000C0B200F05D
:103900001FFA102000F01CFA0020002600F018FA20
:10391000204680210122FDF787FD2046402101221B
:10392000FDF782FD204680210022FDF77DFD204627
:1039300040210022FDF778FD782000F021F840209A
:1039400000F01EF8002000F01BF820468021002225
:10395000FDF76AFD204640210122FDF765FD204666
:1039600080210122FDF760FD701C46B2B6F1FF3FD9
:10397000CEDCE8B20135072828BF70BDBCE70000E7
:10398000B0B540F60044C4F201040546C209204621
:103990008021FDF749FD204640210122FDF744FD2D
:1039A000204640210022FDF73FFDC5F3801220464E
:1039B0008021FDF739FD204640210122FDF734FD2D
:1039C000204640210022FDF72FFDC5F3401220467E
:1039D0008021FDF729FD204640210122FDF724FD2D
:1039E000204640210022FDF71FFDC5F300122046AE
:1039F0008021FDF719FD204640210122FDF714FD2D
:103A0000204640210022FDF70FFDC5F3C0022046ED
:103A10008021FDF709FD204640210122FDF704FD2C
:103A2000204640210022FDF7FFFCC5F3800220461E
:103A30008021FDF7F9FC204640210122FDF7F4FC2E
:103A4000204640210022FDF7EFFCC5F3400220464E
:103A50008021FDF7E9FC204640210122FDF7E4FC2E
:103A6000204640210022FDF7DFFC05F00102204640
:103A70008021FDF7D9FC204640210122FDF7D4FC2E
:103A8000204640210022FDF7CFFC204640210122A4
:103A9000FDF7CAFC204640210022BDE8B040FDF7FA
:103AA000C3BC000010B584B041F21800C4F202009B
:103AB000016840F6004441F0080101600068C4F26A
:103AC000010400F0080000900098112001904FF4CC
:103AD000407000900320039069462046FDF794FB58
:103AE000204640210122FDF79FFC20468021012233
:103AF000FDF79AFCAE2000F023F9D52000F020F964
:103B0000802000F01DF9A82000F01AF93F2000F0F5
:103B100017F9D32000F014F9002000F011F940202B
:103B200000F00EF9A12000F00BF9C82000F008F910
:103B3000DA2000F005F9122000F002F9812000F0EF
:103B4000FFF8CF2000F0FCF8D92000F0F9F8F120C0
:103B500000F0F6F8DB2000F0F3F8302000F0F0F889
:103B6000A42000F0EDF8A62000F0EAF88D2000F087
:103B7000E7F8142000F0E4F8AF2000F0E1F8FFF7D8
:103B8000B5FE04B010BD00002DE9F04780467E2050
:103B900000EB480017466FF0070240F0B00002EB60
:103BA000C104C0B2E5B200F0CBF8280900F1100959
:103BB000484600F0C5F804F0080A504600F0C0F886
:103BC00049F2AC70C0F6000000EB07114FF6006040
:103BD000CFF6FF70085CA1F5007600F0E5F870788C
:103BE000B778F478357900F0DFF8384600F0DCF883
:103BF000204600F0D9F8284600F0D6F8707900F099
:103C0000D3F8B07900F0D0F8F07900F0CDF84FF0AB
:103C1000FF3000EB480040F0B000C0B200F090F878
:103C2000484600F08DF8504600F08AF8307A00F0EF
:103C3000BBF8707A00F0B8F8B07A00F0B5F8F07A16
:103C400000F0B2F8307B00F0AFF8707B00F0ACF819
:103C5000B07B00F0A9F8F07BBDE8F04700F0A4B815
:103C60002DE9F04F81B0002B50D01C4691468A467A
:103C70008346981E5D425E1E002742F21078009037
:103C80001CE000BF0120B9FBF0F04CF6CD41CCF6B2
:103C9000CC41A0FB0112D20802EB8202A0EB420051
:103CA00007EB0A0140F03000C2B2C9B25846FFF734
:103CB0006BFF0137A742A6F1010627D0F943A942BD
:103CC000E0D00098C01B032802D2012008E000BF0A
:103CD00026F00302012000BF043A00FB08F0FBD1EC
:103CE000214411F00301CED0012903D100EB800063
:103CF0004000C8E74FF47A72424302294FF0640152
:103D000008BF00FB01F21046BDE700BF01B0BDE8EF
:103D1000F08F0000F0B581B0144612786AB10D46FC
:103D2000064600277819C1B2D2B23046FFF72CFF01
:103D30000137F8B2225C002AF4D101B0F0BD0000D6
:103D4000B0B540F60044C4F2010405462046802187
:103D50000122FDF769FB204640210122FDF764FBAB
:103D6000204680210022FDF75FFB204640210022F3
:103D7000FDF75AFB7820FFF703FE0020FFF700FE57
:103D80002846FFF7FDFD204680210022FDF74CFB71
:103D9000204640210122FDF747FB204680210122D9
:103DA000BDE8B040FDF740BBB0B540F60044C4F2FA
:103DB00001040546204680210122FDF735FB2046FF
:103DC00040210122FDF730FB204680210022FDF733
:103DD0002BFB204640210022FDF726FB7820FFF731
:103DE000CFFD4020FFF7CCFD2846FFF7C9FD204658
:103DF00080210022FDF718FB204640210122FDF71B
:103E000013FB204680210122BDE8B040FDF70CBB2A
:103E10002DE9F04F81B0002844D0D0E90657044680
:103E2000C0E90757C0E90421104605F0FDFA2178E2
:103E30000646A061D1B3012958D13046294605F084
:103E4000F3FAD4E9011BD4F80C90D4F8308005F0D3
:103E50001FFA824660623046594605F019FA8346D9
:103E6000A0622846294604F0D5FF0146304605F0F9
:103E7000DBFA0146384604F0CDFF494605F008FA62
:103E80000546E0625046594604F0C4FF294604F056
:103E9000C1FF0146404604F0BDFF206301B0BDE80C
:103EA000F08F00BF002001B0BDE8F08F61683046A0
:103EB00005F0EEF9002180466062C4F2963130468A
:103EC00005F01FF8B0B90021CCF29631304605F06C
:103ED00011F878B1A068A76A314605F0D9F93946DA
:103EE00004F098FF8146A06206E000BF206B01B09D
:103EF000BDE8F08FD4F82890E7683046294605F0F1
:103F000093FA394605F0C4F90546E0624046494651
:103F100004F080FF0146284604F07CFF206301B0D6
:103F2000BDE8F08F002808BF70472DE9F0470F4625
:103F3000DDF82880DDE908A934211E46154604462F
:103F4000FCF78FFA2770C4E90D65C4E901A9C4F82C
:103F50000C80BDE8F04770477047000070470000D4
:103F6000FDF76EBA7047000040F2D420C2F20000A4
:103F7000FDF7ECBF406A0021C185C184FEF7C2BBDA
:103F8000406A01684A6990F84130212B2ED112F025
:103F900080022BD00022C28451E8031F026821F066
:103FA000C00142E80313EBB1016851E8031F026846
:103FB00021F0C00142E80313A3B1016851E8031FD7
:103FC000026821F0C00142E803135BB1016851E8C7
:103FD000031F026821F0C00142E8031313B1016816
:103FE000DAE700BF202180F8411001684A6990F8A3
:103FF0004230222B7CD112F0400279D00022C285BF
:1040000051E8031F026821F4907142E80313C3B31F
:10401000016851E8031F026821F4907142E803131C
:104020007BB3016851E8031F026821F4907142E8F4
:10403000031333B3016851E8031F026821F4907140
:1040400042E80313EBB10168DAE700BF016851E809
:10405000051F026821F0010142E80513DBB1016888
:1040600051E8051F026821F0010142E8051393B1F0
:10407000016851E8051F026821F0010142E80513BB
:104080004BB1016851E8051F026821F0010142E8C7
:104090000513002BDAD1016B012924D1016851E805
:1040A000031F026821F0100142E80313DBB101682D
:1040B00051E8031F026821F0100142E8031393B195
:1040C000016851E8031F026821F0100142E8031360
:1040D0004BB1016851E8031F026821F0100142E86A
:1040E0000313002BDAD1202180F842100021016354
:1040F000416C41F010014164FEF704BB0168406A65
:104100000968890600F19F800021C185016851E896
:10411000031F026821F4807142E80313E3B10168D0
:1041200051E8031F026821F4807142E803139BB138
:10413000016851E8031F026821F4807142E803130B
:1041400053B1016851E8031F026821F4807142E80D
:104150000313002BDAD100BF016851E8051F026884
:1041600021F0010142E80513BBB3016851E8051FC6
:10417000026821F0010142E8051373B3016851E8B8
:10418000051F026821F0010142E805132BB3016805
:1041900051E8051F026821F0010142E80513002BD8
:1041A000DAD11AE0016851E8051F026821F04001E8
:1041B00042E80513DBB1016851E8051F026821F0F0
:1041C000400142E8051393B1016851E8051F0268F8
:1041D00021F0400142E805134BB1016851E8051F89
:1041E000026821F0400142E80513002BDAD12021BA
:1041F00080F84210016B012925D100BF016851E808
:10420000031F026821F0100142E80313DBB10168CB
:1042100051E8031F026821F0100142E8031393B133
:10422000016851E8031F026821F0100142E80313FE
:104230004BB1016851E8031F026821F0100142E808
:104240000313002BDAD100214163016B012918BF50
:10425000FEF732BE818DFEF70FBA0000406A0121E1
:104260004163016B012918BFFEF728BE818D490803
:10427000FEF702BA81B090F84210222920D183685B
:10428000B3F5805F08D10169002965D000F12801EC
:104290000A6803685B680AE0014651F8282F13B9E1
:1042A0000369002BF5D003685B6803F07F0313708C
:1042B0000A6801320A60C18D01390A04C18501D042
:1042C00001B070470168CA6822F02002CA60CA685B
:1042D00022F48072CA604A6922F001024A612022F7
:1042E00080F8422000224263036B012B3ED102631F
:1042F00051E8031F026821F0100142E8031301682E
:10430000DBB151E8031F026821F0100142E80313FA
:10431000016893B151E8031F026821F0100142E8DF
:10432000031301684BB151E8031F026821F010012B
:1043300042E803130168002BDAD10A68D20606D5D9
:10434000002200920A680092496800910099818DCC
:1043500001B0FEF791B900BF0168826A49686FF346
:104360005F2122F8021B8262A5E700BF01B0FEF7C1
:10437000A3BD000040F21C30C2F20000FEF7C4B939
:10438000FEE700002DE9F04186B004464CF602201D
:10439000C0F6E3100DF10205CDF8020068200421FB
:1043A0002A4602F019FFA3206FF03F018DF80200AA
:1043B00014F0400608BF6FF05C016FF037026FF039
:1043C0003D0308BF6FF05C0208BF6FF05C038DF81F
:1043D00003106FF03B018DF804208DF8053014F4C4
:1043E000C07708BF6FF05C016FF033026FF03903E4
:1043F00008BF6FF05C0208BF6FF05C038DF8061019
:104400004AF2A3318DF80720ADF809108DF80B00A2
:1044100040F6A7200A212A468DF8083002F0DCFE7B
:10442000202014F0030808BF6FF027008DF8020069
:1044300040F6B62001212A4602F0CEFEA0060BD49B
:10444000C720059048F6B000CCF2C35004904AF65D
:10445000B820CAF6AA200AE05D20059049F6B4000B
:10446000C3F20D5004904AF6B820C8F6B35003903A
:1044700003AA4FF49760092102F0AEFE2FB36FF04C
:104480004D016FF0740214F4807008BF6FF04F019B
:1044900008BF6FF07F026FF049036FF0640508BF3B
:1044A0006FF04B03002808BF6FF06F058DF8021006
:1044B0008DF803200DF1020240F6A22004218DF8B0
:1044C00004308DF8055002F087FEE00708D1D820AF
:1044D0008DF802000DF102024FF40B60012150E053
:1044E000F8208DF802000DF102024FF40B6001215B
:1044F00002F072FE0720FA2100F000FB3F208DF849
:104500000C0003AA4FF4A470012102F065FE002004
:104510008DF80C0003AA40F24F10012102F05CFE5E
:104520004FF4A050ADF80C0003AA4FF4EF70022135
:1045300002F052FE4FF4C840ADF80C0003AA4FF44D
:10454000ED70022102F048FE48F60060C9F2F90061
:10455000039003AA4FF4AE70042102F03DFE4FF425
:104560000060ADF80C0003AA4FF4AD70022102F018
:1045700033FE4FF40070ADF80C0003AA4FF4AC709A
:10458000022102F029FEA0076FF0260058BF6FF04D
:1045900027008DF802000DF1020240F23D7001216A
:1045A00002F01AFE600752BF4FF08B304CF2C02071
:1045B000CCF2C460039003AA40F69820042102F0D4
:1045C0000BFE01F013FEE00652BF4FF0A33042F69F
:1045D0002000C3F63000039003AA40F69E20042179
:1045E00002F0FAFD01F002FE40F2B00544F00800CE
:1045F000C2F20005A88001F0F9FD002E18BF0626C2
:10460000002F18BF063614F0140F18BF46F010061E
:10461000B8F1000F18BF043600202E7006B0BDE8B8
:10462000F081000049F6AC51C0F6000140F6F630CA
:104630004FF48062C82301F0CBBB00002DE9F04F9E
:1046400089B01446DDE912A20F46002140F2B009FC
:10465000AAF80010C2F2000999F800100DF1040840
:104660008346084641461E4601F062FD20B14FF0E8
:10467000FF3009B0BDE8F08FB9F804C01CF0140F8A
:104680005AD09DF805209DF804109DF806301204BC
:10469000B6469DF8076042EA016141EA03223244CE
:1046A00022609DF809209DF80830120442EA036256
:1046B0009DF80A309DF80B6042EA0323334463609F
:1046C0009DF80D309DF80C601B0443EA06639DF8CD
:1046D0000E609DF80F5043EA06262E441214A66081
:1046E0009DF81160091452439DF8105001FB0121FF
:1046F00036041A1446EA056602FB0211321402FB64
:1047000002119DF812506FF088529DF81300114469
:104710004FF6FE7246EA0525CFF6FF522844914235
:10472000E06071D801F062FD0020AAF800004FF0AF
:10473000FF3009B0BDE8F08F00215FEA4C6026D55C
:1047400041F0010218F8010018F8022041F00303BB
:1047500042EA002041F0020218F8022018F8033063
:10476000388043EA022041F0040241F0050318F8C2
:10477000022018F80330788043EA0220B880BAF8A3
:10478000000041F0060140F00800AAF800001CF407
:10479000C07F18D038F8010008EB010200BA538836
:1047A000000CABF8000018BA9288000CABF80200BD
:1047B00010BA000CABF80400BAF80000063140F063
:1047C0007000AAF800005FEA8C7016D008EB0105B3
:1047D0006878EC78C10709D0D9F8082032B104F024
:1047E0000700411CC4F3C20090476878000704D555
:1047F000D9F80C1009B1A0098847304601F03EF8FD
:10480000002009B0BDE8F08FBAF80000102140F494
:1048100080707646AAF800005FEA4C6090D4B6E754
:10482000B0B584B004460DF1020001F00BFA40F27D
:10483000B411C2F200010988BDF8020001F00302C0
:104840004B0754F822204FF00C034FEAC03C48BFFE
:10485000524203EA51038806E358C1F3811048BF6E
:104860005B4254F82000C90548BF40428CFB000160
:104870008CFB02E2800F8CFB035440EA810C900D0C
:104880008DF80400900B8DF8050090098DF8060056
:10489000A00D8DF80800A00B8DF80900A0098DF877
:1048A0000A00880D8DF80C00880B4FEA9E73AD0F3F
:1048B0008DF80D00880943EA820345EA84058DF8E6
:1048C0000E0001AA4FF425700C218DF807308DF8E9
:1048D0000B508DF80FC002F07FFC04B0B0BD00009B
:1048E00010B586B004464AF6BB70CDF6DF70059071
:1048F0004FF2AA10CDF6DF7004904FF2FE20CCF2FA
:10490000AB40C82C039017D8E0B2C821B1FBF0F03F
:10491000002101388DF804108DF8050001AA40F23D
:104920001620022102F058FC30B903AA40F6C1203B
:104930000C2102F051FC18B14FF0FF3006B010BD51
:1049400040F2B810C2F200000480002006B010BD92
:1049500070B582B040F2B411C2F2000109884EF283
:10496000093401F0030250F822200C264B0748BFFF
:104970005242C0F2CA2406EA5106C1F3811582FBF5
:104980000423865950F82550880648BF7642C8054A
:104990004FEA935148BF6D42900F8DF80410990B68
:1049A00040EA83008DF8051099098DF806108DF8FE
:1049B000070001AA4FF47470042102F00DFC68B9DD
:1049C00086FB0401800F40EA810000BA019001AA31
:1049D0004FF47570042102F0FFFB18B14FF0FF3067
:1049E00002B070BD85FB0401800F40EA8100010E1A
:1049F0008DF80410010C8DF80510010A8DF80610D1
:104A00008DF8070001AA4FF47670042102F0E4FB50
:104A100002B070BDB0B582B0054649F28F71C0F6E4
:104A20000001C5F3C10300F00300CC5C0A5C8DF803
:104A3000054049F28C748DF80420C5F38112C0F64C
:104A40000004895C205C8DF806108DF80000E05CA5
:104A5000A15C8DF801008DF8021001AA40F22640F9
:104A6000032102F0B9FB50BB6A4640F22A40032101
:104A700002F0B2FB18BB45F23660C0F2760001903E
:104A800044F22660C0F26600690700901CD4A806B4
:104A900022D4E80505D577208DF8060067208DF82B
:104AA000020001AA4FF48860032102F095FB30B99F
:104AB0006A4640F23140032102F08EFBB0B14FF064
:104AC000FF3002B0B0BD00BF37208DF804002720B2
:104AD0008DF80000A806DCD557208DF8050047208A
:104AE0008DF80100E805D6D4DBE700BF40F2B41032
:104AF000C2F200000580002002B0B0BDF0B583B066
:104B00000446B1F5C86F4FF0FF3055D814F00702D6
:104B100052D0084604F040FB0021C4F2483104F0B2
:104B200011FA05460DF1070001F06EF89DF8070037
:104B300002384FEA7002072A4FF0FF303CD80026B7
:104B4000C4F240664FF08D41DFE802F01504360AEA
:104B5000363636100026C4F2C0564FF08C410AE0BB
:104B60000026C4F240564FF08B4104E00026C4F208
:104B7000C0464FF08A41284604F08AFB0746284683
:104B8000314604F085FB04F0D3FA0646384604F0BB
:104B9000CFFA010A8DF808108DF80900300A02A931
:104BA0008D1C8DF80A00E0078DF80B6006D1A00778
:104BB00014D4600722D4002003B0F0BD02AA4FF441
:104BC000EA70022102F008FB38BB4FF49270022118
:104BD0002A4602F001FB00BBE9E700BF02AA4FF43E
:104BE000EC70022102F0F8FAB8B94FF49470022187
:104BF0002A4602F0F1FA80B9DBE700BF02AA4FF4BF
:104C0000EE70022102F0E8FA38B94FF496700221F2
:104C10002A4602F0E1FA0028CDD04FF0FF3003B071
:104C2000F0BD00002DE9F04F85B040F210070546B9
:104C30000120C2F200070C46ADF80800D7E90310C6
:104C400016460078897C02AB0222FEF7FDFB0028A5
:104C500040F0C280C820FCF7ABFA00208DF80800B5
:104C6000D7E9031002AB0078C97B0122FEF7ECFB09
:104C7000002840F0B180D7E9031002AB00784979F1
:104C80000122FEF7E1FB002840F0A680D7E90310DF
:104C900002AB0078897C0122FEF7D6FB002840F0A9
:104CA0009B80D7E9031002AB0078C97D0122FEF793
:104CB000CBFB002840F09080D7E9031002AB0078CE
:104CC00009790122FEF7C0FB002840F085800C2006
:104CD0008DF80800D7E9031002AB007809790122AA
:104CE000FEF7B2FB002877D10F20FCF761FA786B52
:104CF000F968407A3A698DF808001078897802AB33
:104D00000122FEF7A1FB002866D1786BF968007AD2
:104D10003A698DF808001078497802AB0122FEF755
:104D200093FB002858D1786BD7E90312807A002EC4
:104D300018BF40F0E0008DF808001078897902ABC8
:104D40000122FEF781FB002846D12EB1786BC07A94
:104D500060F01F0001E000BF18208DF80800D7E9BF
:104D6000031002AB0078C9790122FEF76DFB98BBF6
:104D700016B1C820FCF71CFA40208DF80800D7E9CE
:104D8000031002AB007809790122FEF75DFB18BB26
:104D900078208DF80800D7E9031002AB0078497934
:104DA0000122FEF751FBB8B93220FCF701FA0020CE
:104DB0008DF80800D7E9031002AB00784979012289
:104DC000FEF742FB40B9D7E9031002AB0078897ABD
:104DD0000222FEF7DFFA28B14FF0FF37384605B060
:104DE000BDE8F08FBDF808004AF6AB2100BA000C10
:104DF0004843C0F3C7420021002AC5E90011A96059
:104E0000C4E900110192A16044D0C00C00260DF14C
:104E100008095FFA80F8D7E903100C220078C97AF4
:104E20004B46FEF7B7FA0028D6D1BDF80800BDF80A
:104E30000C20BDF80A1090FA80FC92FA82FED4E9A8
:104E40000030A26809BA00EB214002EB2E4103EBCF
:104E50002C43A160BDF81010C4E90030BDF8122049
:104E6000BDF80E0091FA81FEA96892FA82FCD5E99C
:104E70000032013600BA01EB2C4AF1B203EB2040BC
:104E800002EB2E4B4145C5E9000BC5F808A0C2D383
:104E900004E000BFD5E9000BD5F808A0C11709044C
:104EA00041EA10410004832200230027FBF79CF90C
:104EB000DDF8048000234246FBF796F928604FEAAC
:104EC000EB70000440EA1B414FEA0B4083220023B1
:104ED000FBF78AF942460023FBF786F968604FEA40
:104EE000EA70000440EA1A414FEA0A408322002394
:104EF000FBF77AF942460023FBF776F9A860D4E97C
:104F00000006A568C117490141EAD0614001424647
:104F10000023FBF769F92060F017400140EAD661F1
:104F2000700142460023FBF75FF96060E81740011B
:104F300040EAD561680142460023FBF755F94FF47A
:104F400080310028C4BF0021CFF6FF710844A06063
:104F5000384605B0BDE8F08F90F9001000290DDD4E
:104F6000002190F90320002A10DD002290F906307C
:104F7000002B13DD002011430843704718D490F92B
:104F8000011000291EDD0121EBE700BF12D490F9CA
:104F90000420002A1EDD0822E8E700BF0CD490F9A7
:104FA0000730002B1EDD402011430843704700BF2F
:104FB0000421D6E72022D9E74FF48070114308433B
:104FC000704700BF18D490F9021000291EDD02219D
:104FD000C7E700BF12D490F90520002A1CDD10227B
:104FE000C4E700BF0CD490F9080000281ADD802027
:104FF00011430843704700BF0521B2E72822B5E7F7
:105000004FF4A07011430843704700BF4FF00601F2
:1050100008BF0721A5E700BF4FF0300208BF3822C4
:10502000A4E700BF4FF4C07008BF4FF4E070114315
:10503000084370479AB0FCF711FA00240120CDE92B
:105040001544CDE91344109014904FF4E0104FF440
:1050500080310225199010A8CDE91114CDE917511E
:10506000FCF7AAFB20B1EFF3108072B6FEE700BF99
:105070000F20CDE90B054FF48060CDE90E040BA89D
:1050800002210D94FCF790FA20B1EFF3108072B674
:10509000FEE700BF40F6004840F22C45C4F201088C
:1050A000C4F20005FEF720FAFEF7FCF9FEF77AFAE3
:1050B000FEF70EFBFEF79EFBFEF7D8FBFEF7F4FBB8
:1050C00040F2C007C2F2000740F21C3007F10C01A9
:1050D000C2F200006422FDF7DBF940F24420C2F284
:1050E000000000214FF0000BFDF75EF940F28C202C
:1050F000C2F200000021FDF757F9FEF7D3FCFEF7DE
:10510000EBF84DF20A7100204CF6CD46C3F6234170
:10511000C4F2400000220023C3F64C66CDE9000132
:1051200007F14000C4F2C822C4F27A43012105907D
:105130000296FEF7F7FE0FF2147201200121FEF72E
:10514000E9FD0FF2107201200121FEF7E3FD00F0EE
:10515000DDFC6420FCF72CF840F2000A0FF2FC643E
:10516000C2F2000A0DF140090BE000BFC5F808B01B
:10517000A5F57E7B0020CBF800004FF0000B0FF26E
:10518000DC64FEF7B3FBFEF7A7F800F0BFFC642079
:10519000FCF70EF8012001212246C7F800B0FEF707
:1051A000B9FD022001210FF2C062FEF7B3FD4AF6FD
:1051B000C91203200121C0F60002FEF7ABFD042056
:1051C00001210FF2AC62FEF7A5FDA8F5806630461E
:1051D0004FF48061FCF722F9012835D030464FF4B6
:1051E0000061FCF71BF9012856D030464FF400410E
:1051F000FCF714F90128CDD130464FF40041FCF7FB
:105200000DF90128F8D0FEF771FB4FF08140CDE990
:10521000000B40F23C10C2F2000000F13C060022FC
:1052200000234BF2177430460121C4F2F012C4F28D
:10523000C823C3F6D1040294FEF774FE386805F162
:10524000080B002896D189E130464FF48061FCF7C5
:10525000E5F80128F8D0FEF749FB0020C4F2C010A1
:1052600000904DF20A70C3F6234001900598002289
:1052700000234CF6CD460121C4F2C822C4F27A4381
:10528000C3F64C660296FEF74DFE386805F1080B32
:1052900000287FF46FAF09E230464FF40061FCF75D
:1052A000BDF80128F8D0FEF721FB4FF08140002423
:1052B000CDE9000B40F23C10C4F2F0144BF217762B
:1052C000C2F20000012122462346C3F6511602967F
:1052D000FEF728FE0020C4F2A000CDE9000B40F24A
:1052E0003C10C2F2000000233C3001212246C4F2EF
:1052F000C82304900296FEF715FE1FE04FF6084102
:105300000520CFF6FF71685040464FF480510122CE
:10531000FCF78AF840464FF480410122FCF784F8FC
:1053200048F2A060C0F20100B0FBF6F0C82E88BFC2
:10533000C8204FF60041CFF6FF716850386800284A
:105340007FF414AFDAE90001A0F17602042A07D84D
:105350007A2905DC752903DD00264FF0000B28E0D3
:10536000042A09D87B2907DB762905DA00244FF0C7
:10537000000BC4F2F0240EE003F0F6FE0024014618
:105380000498C4F2F0242246FEF742FD03F0D0FE5A
:10539000DAF804108346084603F0E6FE014640F2C0
:1053A0003C10C2F200002246FEF732FD03F0C0FEC0
:1053B00006464AF6C912DAE9004501200121C0F685
:1053C0000002FEF7A7FC0220012122460323FEF77C
:1053D00047FC022006212A460323FEF741FC4AF639
:1053E000DA114846C0F600015A46FAF737FF0320A3
:1053F00001214A46FEF78EFC4AF6CF114846C0F618
:1054000000013246FAF72AFF042001214A46FEF73E
:1054100081FCBBF1010F1DDB40F22C45C4F20005FD
:105420000520A86040464FF480510122FBF7FCFFA5
:1054300040464FF400510022FBF7F6FFBBF1C90FC5
:1054400026D3C82028604FF0000B012EBFF656AFC0
:105450002AE000BF40F22C45BBF1FF3FC4F200053B
:105460003ADD4FF0000B40464FF400510122C5F8E1
:1054700008B0FBF7D9FF4FF6FF70286040464FF4A5
:1054800080510022FBF7D0FF012EBFF637AF0BE0B3
:1054900048F2A060C0F20100B0FBFBF028604FF0C2
:1054A000000B012EBFF62AAFB6F1FF3F34DD4FF6F9
:1054B0000840CFF6FF7045F800B040464FF48051E9
:1054C0000022FBF7B1FF40464FF480410122FBF779
:1054D000ABFF4FF6FF702CE70520A86040464FF465
:1054E00080510122FBF7A0FF40464FF400510122FA
:1054F000FBF79AFFCBF10000C928A2D248F2A061C5
:10550000C0F20101B1FBF0F028604FF0000B012E5A
:10551000BFF6F4AEC8E700BF0520A86040464FF4D0
:1055200080510122FBF780FF40464FF4804100226A
:10553000FBF77AFF48F2A0607142C0F20100B0FBB5
:10554000F1F0C829F3E600BFC820286040F2C00788
:10555000C2F20007386800287FF40CAE0DF12A0073
:105560000AA90DF12602FDF795FEBDF926200BAC28
:105570002046C1A1FAF772FE042001212246FEF75F
:10558000C9FBBDF92600786003F023F941F27B42A4
:1055900047F6E123C4F2AE72C3F6847303F030F928
:1055A00003F0E8F8DAF800200146A2F177000328BA
:1055B000B96001D200200EE0104603F0D5FD0022B4
:1055C00001463046C4F2F022FEF722FC03F0B0FDA3
:1055D000B968DAF80020DAF804400F180120012138
:1055E0000323FEF73DFB0120062122460323FEF79D
:1055F00037FB4AF6DA114846C0F600013A46FAF798
:105600002DFE022001214A46FEF784FB012F17DB05
:105610000520A86040464FF480510122FBF704FFAB
:1056200040464FF400510022FBF7FEFEC92F8BD2FB
:1056300048F2A060C0F20100B0FBF7F085E700BFC0
:10564000B7F1FF3F12DD0020A86040464FF4005143
:105650000122FBF7E9FE4FF6FF70286040464FF449
:1056600080510022FBF7E0FE70E700BF0520A86034
:1056700040464FF480510122FBF7D6FE40464FF4DE
:1056800000510122FBF7D0FE7842C928BFF45CAF7D
:1056900048F2A061C0F20101B1FBF0F055E700BF94
:1056A000C8202860386800287FF464AD08A807A9DE
:1056B00006AA00F03DF90DF12A000AA90DF1260213
:1056C000FDF7E8FDDAE90024089DDDE90676012012
:1056D00001210323FEF7C4FA0120062122460323F9
:1056E000FEF7BEFA284603F069FB0B464AF6E411C2
:1056F00002464846C0F60001FAF7B0FD022001213B
:105700004A46FEF707FB384603F058FB0B464AF6BD
:10571000FB1102464846C0F60001FAF79FFD032040
:1057200001214A46FEF7F6FA304603F047FB0B46E6
:105730004AF6F01102464846C0F60001FAF78EFD1F
:10574000042001214A46FEF7E5FA069E4FF080410B
:10575000304603F0D6FB48BB30464FF0404103F0E3
:10576000D7FB18BB012001210BAAFEF7D3FA40F2A8
:105770002C4540F2C007C4F20005C2F20007002029
:10578000A86040464FF400510122FBF74DFE4FF652
:10579000FF70286040464FF480510022FBF744FE22
:1057A000386800283FF482AFE4E400BF0598314632
:1057B0000022FEF72DFB03F0BBFC06460120012171
:1057C0000BAAFEF7A7FA40F22C45012EC4F2000501
:1057D0001CDB0520A86040464FF480510122FBF7F6
:1057E00023FE40464FF400510022FBF71DFE40F21D
:1057F000C007C92EC2F20007BFF452AF48F2A06042
:10580000C0F20100B0FBF6F04BE700BF40F2C0076A
:10581000B6F1FF3FC2F20007B1DC0520A8604046A8
:105820004FF480510122FBF7FFFD40464FF4005139
:105830000122FBF7F9FD7042C928BFF431AF48F2ED
:10584000A061C0F20101B1FBF0F02AE77761697451
:10585000696E670020202020202020004D4F444505
:105860002043484F4F5345004D4F44453100000001
:105870004D4F444533000000256400007047000090
:10588000F0B581B040F21005C2F2000595F8301075
:1058900021B10024204601B0F0BD00BFA97D69B34D
:1058A00000F0FE0739402E7FCC1B95F8200018BF72
:1058B0004FF0FF34002F297708BF002824D0687FDD
:1058C00078B901208DF80200D5E903100DF102032B
:1058D0000078C97B0122FDF7B7FD10B99DF80200E1
:1058E0006877002FD6D000F081FC00281CBF2E77EF
:1058F0004FF0FF34204601B0F0BD00BF4FF0FF3441
:10590000204601B0F0BD00BF00208DF80300D5E9AE
:1059100003100DF103030078C97B0122FDF794FD0C
:105920000028B7D19DF803006877204601B0F0BD8C
:105930002DE9F04F8FB005460DF12A0014460E46B2
:105940000DF1290700900DF132000BA906AA0EAB4C
:105950000197FEF773FE18B101200FB0BDE8F08F7C
:10596000BDF82A00C00503D402200FB0BDE8F08FB7
:1059700006980594079C0496DDE9086703F0F4FB9C
:105980004FF0425103F084FC8046204603F0ECFBCC
:105990004FF0425103F07CFC8346304603F0E4FBB9
:1059A0004FF0425103F074FC0446384603F0DCFB30
:1059B0004FF0425103F06CFC814658464FF0404195
:1059C00003F066FC824640464146CDF80C8003F069
:1059D00021FA2146804603F05BFC064650464946C4
:1059E00003F056FC314603F015FA03F0E7F902F034
:1059F000EBF84AF26663C4F24C034FF0663202F0F1
:105A0000FFFE02F033FC28602046214603F002FA34
:105A100006464046594603F03BFC0546304649469B
:105A200003F036FC294603F0F5F903F0C7F9054603
:105A30000F462046314603F02BFC06465046594699
:105A400003F026FC314603F0EFFC4FF07E5103F0EB
:105A5000E1F903F0B3F902460B462846394602F055
:105A6000FBFA4AF26668C4F24C084FF066324346CD
:105A700002F0C6FE02F0FAFB0499039F0860384664
:105A8000494603F005FC05465846214603F000FC54
:105A9000294603F0BFF9014603F0BCF903F08EF983
:105AA00005468A465846594603F0F2FB06463846F4
:105AB000394603F0EDFB314603F0ACF906462046CB
:105AC000214603F0E5FB0146304603F0ADFC0446F9
:105AD0004846494603F0DCFB0146204603F0A4FC9F
:105AE00003F06CF902460B462846514602F0B4FA20
:105AF0004FF06632434602F083FE02F0B7FB059991
:105B0000086000200FB0BDE8F08F000070B582B0D3
:105B1000FDF7DAF900F0B8F810B10A2002B070BD54
:105B2000782001F0E3FA000602D0012002B070BD37
:105B300040F21004C2F2000494F8300040B1642036
:105B400001F030FA000621D0032002B070BD00BF82
:105B5000A07D98B3617F257F00F07806267779B91C
:105B600001208DF80700D4E903100DF10703007838
:105B7000C97B0122FDF768FC10B99DF8070060772A
:105B800000F034FBC0B1257718E000BFFEF74AFDF6
:105B9000000603D0042002B070BD00BF40F2100028
:105BA000C2F20000FFF7D8F9FEF734FF000609D073
:105BB000052002B070BD00BF782EC0D0022002B018
:105BC00070BD00BF40F27310FEF7DCFB000603D08F
:105BD000062002B070BD00BF6420FEF781FE000603
:105BE00002D0072002B070BD01F028FB10B10820E0
:105BF00002B070BD012001F017F9C0B2002818BF33
:105C0000092002B070BD000040F21001C2F2000194
:105C10004A7D032A84BF4FF0FF30704740F20243B1
:105C2000D200C1F20803D3400370C97F002904BF2A
:105C30000020704740F60401C2F21001D14001700B
:105C40000020704740F21002C2F20002517D032989
:105C500084BF4FF0FF30704707A3D27F33F8113075
:105C6000002A038004BF0020704705A232F81110FB
:105C700001800020704700BF00409C1F00100008FA
:105C80000020CE0F0008000410B582B040F21004CE
:105C90008020C2F200048DF80100D4E903100DF158
:105CA00001030078897C0122FDF7CEFBC8B964208E
:105CB000FBF77EFA00208DF80100D4E903100DF106
:105CC00001030078897C0122FDF7BEFB48B9D4E9C5
:105CD00003100DF101030078897D0622FDF75AFBC0
:105CE00020B14FF0FF34204602B010BD9DF80610E1
:105CF0009DF802009DF80420890062F3410100F044
:105D00000100084410F0070006D0012816D0022830
:105D1000E7D1002013E000BFD4E903100DF1010327
:105D20000078C9780122FDF735FB0028D9D19DF80C
:105D3000010010F00F00D4D00428EAD10120E07750
:105D40004FF6FF706083FF202077A0774FF0FF3081
:105D500060610020C4E90800A062A085C4F82F009B
:105D600084F8330018208DF80700D4E903100122CD
:105D700000788979227684F82E200DF1070301221C
:105D8000FDF762FB0028ACD19DF80700C008207524
:105D9000022000F083FF0028A3D12A2001F0B4F8EC
:105DA00000289ED1322001F0FDF8002899D1002072
:105DB000FFF766FD002894D1002000F0BDFF002809
:105DC0008FD10020002401F091F9204602B010BDCF
:105DD0002DE9F04F89B0074600294FF0FF3000F061
:105DE000908040F21009C2F20009884699F83110FB
:105DF000002940F08680002FCDE9003267D00024D2
:105E00004FF0000ACDF80880A7EB040B99F81600B4
:105E1000BBF1100FA8BF4FF0100B002865D0D9F8C8
:105E200010005FFA8AF11FFA8BF342895E189AFA22
:105E30008AF196424FEA11410393ADF8221054D8EB
:105E4000D9F80C100078097E02220DF12203FDF72B
:105E5000FBFA002849D1D9E9031044440078497D70
:105E60005FFA8BF8424623464D46FDF7EDFAE0BB5C
:105E7000A87DD0B328691FFA8AF142892B46090A06
:105E800096428DF822108DF823A02ED8D96800787C
:105E9000097E02220DF12203FDF7D6FA28BBD9E9CB
:105EA00003100DF112050078497D42462B46FDF79F
:105EB00071FAD0B9039A20462946FAF7A6FA18BB18
:105EC000DA441FFA8AF4DDF80880BC429CD30198BA
:105ED0000DF1220340BAADF82200D9E903100222E5
:105EE0000078897EFDF7B0FA20B14FF0FF3009B09D
:105EF000BDE8F08F012089F831000098A9F8320040
:105F0000002009B0BDE8F08F6FF0010009B0BDE8D6
:105F1000F08F000070B584B0282800F2E08040F2D5
:105F2000100504460028C2F2000543D095F82F0062
:105F300001281FD0A87F95F82E103222002808BF14
:105F400030228DF80A2039B16FF04D01002808BFCA
:105F50006FF04F018DF80A10D5E903100DF10A0317
:105F60000078097D01220126FDF76EFA002808BF9E
:105F700085F82F602020012C8DF8070052D1A87DD4
:105F800000218DF8081090B1E87D062106288DF8D3
:105F90000B100CD0D5E903100DF10B0300788978B4
:105FA0000122FDF751FA10B99DF80B00E8750720A2
:105FB00089E000BF95F82F0000B3A87F95F82E1058
:105FC0000246002818BF012252008DF8092039B17D
:105FD0006FF07D01002808BF6FF07F018DF8091078
:105FE000D5E903100DF109030078097D0122FDF7C1
:105FF0002BFA002804BF002085F82F004FF4E06042
:10600000ADF80700D5E903100DF107030078897C8E
:106010000222FDF719FA002861D1002085F820003E
:1060200004B070BD052C19D8A87D01218DF8081089
:1060300088B1E87D062106288DF80C100BD0D5E933
:10604000031003AB007889780122FDF7FDF910B940
:106050009DF80C00E875472035E000BF142C19D8D6
:10606000A87D02218DF8081090B1E87D0521052852
:106070008DF80D100CD0D5E903100DF10D0300784B
:1060800089780122FDF7E0F910B99DF80D00E87557
:10609000872018E0A87D03218DF8081090B1E87DD5
:1060A000042104288DF80E100CD0D5E903100DF151
:1060B0000E03007889780122FDF7C6F910B99DF822
:1060C0000E00E875C7208DF80800D5E903100DF122
:1060D00007030078897C0222FDF7B6F920B14FF062
:1060E000FF3004B070BD00BF95F830100820A875CF
:1060F000002000294FF00101287685F8201001D0FA
:1061000004B070BD697F287779B901208DF80F0040
:10611000D5E903100DF10F030078C97B0122FDF7CB
:1061200093F910B99DF80F006877002004B070BD96
:106130002DE9F04182B040F21007C2F200070E468E
:1061400097F83010054600294FF0FF3042D0B97D56
:1061500000293FD0D7E9031014460078897A0DF161
:1061600006030222FDF716F920B14FF0FF3002B00E
:10617000BDE8F081BDF80600000490FA80F8A8455B
:1061800006D2002020704FF0FF3002B0BDE8F08151
:1061900038694188B8EB510F0ED9F9680078497C0D
:1061A0000DF106030122FDF7F5F80028DDD19DF879
:1061B0000600C00612D43869F9680078C97AEAB2D4
:1061C0003346FDF7E7F80028CFD1B8FBF5F00138EA
:1061D0002070002002B0BDE8F08100BF00F006F89A
:1061E0006FF0010002B0BDE8F081000010B582B090
:1061F00040F21004C2F20004A07D00B300208DF82C
:106200000700D4E903100DF107030078C97B0122D0
:10621000FDF71AF998B9D4E903100DF107030078D6
:1062200049790122FDF710F948B9D4E903100DF1BD
:106230000703007809790122FDF706F920B14FF034
:10624000FF3002B010BD00BF94F83000002845D0E8
:106250000C208DF80700D4E903100DF10703007836
:1062600009790122FDF7F0F80028E8D13220FAF789
:106270009FFFA07D0DF10703C0076FF01F0008BF4F
:106280006FF03F008DF80700D4E903100122007879
:106290000979FDF7D9F80028D1D1607F0DF1070306
:1062A000002818BF012040008DF80700D4E9031032
:1062B00001220078C97BFDF7C7F80028BFD1002074
:1062C0008DF80700D4E903100DF107030078497930
:1062D0000122FDF7B9F80028B1D145E004208DF87E
:1062E0000700D4E903100DF10703007809790122B2
:1062F000FDF7AAF80028A2D1A07DA17FC0074FF02A
:10630000600008BF4020002918BF40208DF807001A
:10631000D4E903100DF10703007809790122FDF794
:1063200093F800288BD13220FAF742FF607F0DF1FD
:106330000703002818BF01208DF80700D4E90310D7
:1063400001220078C97BFDF77FF800287FF477AF42
:10635000D4E9031004F11C03007849790122FDF708
:1063600073F800287FF46BAF002002B010BD00006E
:106370002DE9F04F93B040F2100AC2F2000A9AF8E9
:1063800030408946054614B1002000F04DFD9AF8D2
:10639000140003280CD8FA22DFE800F014021228B7
:1063A0004FF4FA729AF815000B9203280FD924E0E3
:1063B00000229AF815000B92032808D91DE000BFAF
:1063C0004FF47A729AF815000B92032815D80FF63D
:1063D000BC029AF81F3002EB80020FF6A001002BDE
:1063E00008BF01EB80021068023808E04FF4FA623F
:1063F0009AF815000B920328E9D96FF001000A9072
:106400009AF817000138C1B205291BD800F03F00E7
:10641000B0FA80F1490909910321C14001F001015D
:1064200007910721C14001F0010106910F21C140F0
:1064300001F0010105911F2121FA00F000F0010097
:1064400009E000BF0020099000200790002006907E
:106450000020059000200490BAF81A809AF816706F
:106460009AF81C60284649460022FEF7DBFB48B13B
:106470002846494600224FF0000BFEF7D3FB0028C8
:1064800040F04B830FA80CA901220895FEF7CAFB28
:1064900040B10FA80CA90122FEF7C4FB10B14FF0C8
:1064A000000B3AE3DAF8100012AB00780D21042259
:1064B0000397CDE90164FCF76DFFCDF8008058B378
:1064C000D9F800000C99401A48BF404202F04CFE37
:1064D0004FF05E5102F0DCFE04462846002102F037
:1064E000FBFC002846D12046294602F02BFD002166
:1064F000CBF6807102F08EFC45F6294120F0004079
:10650000C3F60F6102F004FD00280CBF4FF0010834
:106510004FF0000842E000BF9DF848009DF84B6036
:106520009DF849201C259DF84A3005EAD000C6F3A5
:106530000111091805EAD200C6F3810200EB020737
:1065400005EAD30B06F0030400F0D680B1F1010890
:1065500000F0E68018F00302A1F1020000F0EA80EA
:10656000012A40F0F1804FF6AD75C3F6B365804661
:10657000F9E000BF49F69A11C3F69961204602F08E
:10658000CEFC43F233310546C3F67371204602F068
:10659000B1FC55EA000818BF4FF00108D9F8040013
:1065A0000D99401A48BF404202F0DEFD4FF05E51A7
:1065B00002F06EFE05463046002102F08DFCA8B9BF
:1065C0002846314602F0BEFC0021CBF6807102F075
:1065D00021FC45F6294120F00040C3F60F6102F08E
:1065E00097FC002808BF08F1020815E043F2333198
:1065F000C3F67371284608F1020402F07BFC49F6E9
:106600009A110028C3F69961284618BFA04602F0E7
:1066100086FC002818BFA046D9F808000E99401A39
:1066200048BF404202F0A0FD4FF05E5102F030FE44
:1066300004463846002102F04FFCA8B920463946EE
:1066400002F080FC0021CBF6807102F0E3FB45F6FE
:10665000294120F00040C3F60F6102F059FC0028E8
:1066600008BF08F1040815E043F23331C3F6737133
:10667000204608F1040502F03DFC49F69A11002875
:10668000C3F69961204618BFA84602F048FC0028CE
:1066900018BFA846DAF81000039F0078089C12ABD8
:1066A0000D210322FCF776FE10B1072629E200BF78
:1066B00020680F999DF84820401A48BF40429DF835
:1066C00049709DF84A9002F01F0502F04DFD4FF011
:1066D0005E5102F0DDFD044685B16E1E26D016F037
:1066E0000301A5F102002BD0012977D143F2333108
:1066F000C4F2D11106467FE000254EE00021C4F22D
:106700002011204602F00BFC00210546C4F2D221E4
:10671000204602F0EFFB55EA000618BF012696E07E
:1067200041F27B45C3F6AE6537E000BF0021C4F2FD
:10673000C81178E041F27B45C3F6AE6513E000BFB7
:106740000021C4F2C81157E047F25E25A1F1040808
:10675000C3F6C065022A08BFA1F1030804BF41F6D1
:106760006365C3F6BA65032817D345F61D26C3F63D
:10677000847600BF2846314602F08AFD314602F099
:1067800087FD314602F084FD314602F081FDA8F11B
:1067900004085FEA08610546ECD10BEB04087FB101
:1067A0007C1E0FD014F00301A7F1020010D00129C4
:1067B00040F088804FF6AD76C3F6B36604468EE0AF
:1067C0000026A4E041F27B46C3F6AE669FE000BF20
:1067D00041F27B46C3F6AE6681E000BF02294EF26D
:1067E0009A31A5F10406C4F2E41108BFEE1E04BFFD
:1067F0004DF2BD21C4F2DA11032814D34EF2543500
:10680000C3F685750846294602F042FD294602F086
:106810003FFD294602F03CFD294602F039FD043EC9
:1068200031060146EED1204602F08CFB0021CBF66A
:10683000807102F0EFFA45F6294120F00040C3F6DE
:106840000F6102F065FB00280CBF012600260898A6
:106850001099406807F01F05401A48BF404202F0F7
:1068600083FC4FF05E5102F013FD044675B16F1EBC
:1068700020D017F00301A5F102001FD0012969D132
:1068800043F23331C4F2D111074671E00021C4F262
:10689000D2212046B51C02F02DFB00210028C4F2B5
:1068A0002011204618BF2E4602F039FB002818BFE1
:1068B0002E4687E00021C4F2C81170E00021C4F226
:1068C000C81155E047F25E263C1FC3F6C066022998
:1068D00008BFFC1E04BF41F66366C3F6BA66032810
:1068E00015D345F61D27C3F6847700BF30463946D9
:1068F00002F0CEFC394602F0CBFC394602F0C8FC6F
:10690000394602F0C5FC043C21060646EED1B8F13A
:10691000000F11D0B8F1010410D014F00301A8F158
:10692000020011D0012940F08B804FF6AD77C3F6FD
:10693000B367044693E000BF0027C1E541F27B47FF
:10694000C3F6AE67BCE500BF41F27B47C3F6AE6756
:1069500085E000BF02294EF29A31A5F10407C4F286
:10696000E41108BFEF1E04BF4DF2BD21C4F2DA11DD
:10697000032814D34EF25435C3F6857508462946CC
:1069800002F086FC294602F083FC294602F080FCD6
:10699000294602F07DFC043F39060146EED120462F
:1069A00002F0D0FA0021CBF6807102F033FA45F6FE
:1069B000294120F00040C3F60F6102F0A9FA002837
:1069C00008BF0236DDF820B01199DBF8080009F0A5
:1069D0001F05401A48BF404202F0C6FB4FF05E510F
:1069E00002F056FC04467DB16F1E21D017F0030162
:1069F000A5F1020020D001294AD143F23331C4F27B
:106A0000D111074652E000BF0021C4F2D221204636
:106A1000351D02F06FFA00210028C4F22011204633
:106A200018BF2E4602F07BFA002818BF2E4667E0FA
:106A30000021C4F2C81150E00021C4F2C81135E0B1
:106A400047F25E27A8F10404C3F6C067022908BF15
:106A5000A8F1030404BF41F66367C3F6BA670328CD
:106A6000FFF42EAD45F61D28C3F68478384641461E
:106A700002F00EFC414602F00BFC414602F008FC1D
:106A8000414602F005FC043C21060746EED117E51D
:106A900002294EF29A31A5F10407C4F2E41108BFAD
:106AA000EF1E04BF4DF2BD21C4F2DA11032814D346
:106AB0004EF25435C3F685750846294602F0E8FBC8
:106AC000294602F0E5FB294602F0E2FB294602F0E6
:106AD000DFFB043F39060146EED1204602F032FAD0
:106AE0000021CBF6807102F095F945F6294120F09E
:106AF0000040C3F60F6102F00BFA002808BF04360D
:106B0000039FB6FA86F04FEA501BB8F1000F08BF9A
:106B10000BF1020B029CDDE900864FF6FF70AAF82C
:106B20001A00FF200B998AF81C004FF0FF30CAF8BA
:106B300014000120B1F57A7F8AF8180006DAFA29E4
:106B40000AD0B1F5FA7F1ED1082008E006D0B1F5D1
:106B5000FA6F18D1182002E0002000E010208DF814
:106B60004800DAE9031012AB007889790122FCF7BA
:106B70006BFC20B99DF84800C0088AF814009AF808
:106B80001600002868D00A984FEA7000072837D806
:106B9000DFE800F0040C36163636362000208DF87B
:106BA00048009AF8151081421CD129E008208DF880
:106BB000480001209AF81510814213D120E000BF4F
:106BC00010208DF8480002209AF81510814209D152
:106BD00016E000BF18208DF8480003209AF8151021
:106BE00081420DD0DAE9031012AB0078C979012295
:106BF000FCF72AFC20B99DF84800C0088AF8150067
:106C00009AF8160040B3099810B1012011E000BFB6
:106C1000079808B102200CE0069808B1032008E0AC
:106C2000059808B1042004E0049800280CBF062051
:106C300005209AF817108DF8480081420CD0DAE947
:106C4000031012AB007889780122FCF7FDFB18B91C
:106C50009DF848008AF81700404600F0A3F938462E
:106C600000F044FA3046FEF70BFE14B1012000F0AC
:106C7000DBF8584613B0BDE8F08F00BF02000000FB
:106C800004000000080000001000000004000000E4
:106C900008000000100000002000000010B582B0C5
:106CA00040F21004C2F20004A17D00292DD0023868
:106CB0004FEA700107294FF0FF303AD8DFE801F0C2
:106CC000040C39143939392A00208DF80700617D08
:106CD000814226D00FE000BF08208DF80700012078
:106CE000617D81421DD006E010208DF80700022052
:106CF000617D814215D0D4E903100DF107030078BE
:106D0000C9790122FCF7A0FB70B14FF0FF3002B04F
:106D100010BD00BF18208DF807000320617D81425F
:106D2000E9D1002002B010BD9DF80700C0086075D1
:106D3000002002B010BD0000B0B582B040F21005D6
:106D4000C2F20005A97F814202D1002002B0B0BD8D
:106D50000446D5E903100DF10703007809790122F3
:106D6000FCF718FB94B3002846D19DF807000DF1FD
:106D7000070300F0DF008DF80700D5E903100122BA
:106D800000780979FCF760FBB0BB0320FAF710FA32
:106D900095F82E1095F82F206FF07D00002908BF80
:106DA00002208DF807001AB140F030008DF807007E
:106DB000D5E903100DF107030078097D0122FCF7E6
:106DC00043FBC8B9AC77002002B0B0BDA0B99DF8B4
:106DD0000700A97D00F0DF0001F0010140EA411049
:106DE0008DF80700D5E903100DF107030078097944
:106DF0000122FCF729FB18B14FF0FF3002B0B0BD03
:106E00000320FAF7D5F995F82E0095F82F100246D1
:106E100000281CBF01226FF07F00D20100298DF8ED
:106E20000720C1D1C4E70000B0B582B040F2100421
:106E3000C2F2000494F8301081425DD0D0B394F8CF
:106E4000310000285CD009B9A07D78B100208DF810
:106E50000500D4E903100DF105030078C97B012278
:106E6000FCF7F2FA10B99DF80500607700200025C4
:106E7000FFF762FF608E00F095F820698DF80450EE
:106E8000007801AB232101220125FCF7DDFA022065
:106E90008DF80600D4E903100DF106030078C97BD4
:106EA000012284F83050FCF7CFFA18BB9DF8060099
:106EB00060771FE009B9A07D78B100208DF8070048
:106EC000D4E903100DF107030078C97B0122FCF718
:106ED000BBFA10B99DF807006077207F21698DF813
:106EE0000400087801AB23210122FCF7ADFA002051
:106EF00084F83000FFF77AF9002002B0B0BD00BF7F
:106F00004FF0FF3002B0B0BD10B582B040F21004B7
:106F1000C2F20004A17DD1B3BC2807D30120E17DDA
:106F20008DF8070081423AD027E000BF622807D3DE
:106F30000220E17D8DF80700814230D01DE000BFC6
:106F40002A2807D30320E17D8DF80700814226D04F
:106F500013E000BF142807D30420E17D8DF807005B
:106F600081421CD009E000BF0A2834BF062005205A
:106F7000E17D8DF80700814211D0D4E903100DF1B5
:106F80000703007889780122FCF75EFA20B14FF000
:106F9000FF3002B010BD00BF9DF80700E075002073
:106FA00002B010BD70B582B040F21005C2F200050B
:106FB000A97D044600294FF0FF3000F0948095F839
:106FC0003010002940F08F8095F8200000283ED036
:106FD000601E80B2272805D8E0B2FEF79BFF002094
:106FE00002B070BD95F82F0000B3A87F95F82E1061
:106FF0000246002818BF012252008DF8062039B140
:107000006FF07D01002808BF6FF07F018DF806103A
:10701000D5E903100DF106030078097D0122FCF784
:1070200013FA002804BF002085F82F004FF4E06019
:10703000ADF80400D5E9031001AB0078897C022289
:10704000FCF702FA002804BF002085F820004FF466
:107050007A76B4F57A7F28BF3446042C98BF04248E
:10706000B6FBF4F00DF1030301388DF80300D5E908
:107070000310012200784978FCF7E6F920B14FF0BF
:10708000FF3002B070BD00BF9DF80300AA7D411C17
:10709000B6FBF1F169832AB3012801D801200FE082
:1070A000042801D802200BE00A2801D8032007E0B9
:1070B000182801D8042003E031288CBF06200520C1
:1070C000E97D8DF8070081420CD0D5E903100DF160
:1070D0000703007889780122FCF7B6F910B99DF80A
:1070E0000700E875002002B070BD0000B0B582B0A6
:1070F000044610F0700F01D0012003E0002C0CBFFB
:107100004020002040F21005C2F200058DF8060074
:10711000D5E903100DF106030078897C0122FCF704
:1071200093F9F8B99DF80600A10600F0BF024FF0F0
:10713000040020EA141058BF0230C4F300110844C0
:1071400080F00100210758BF38308DF80600D5E9DE
:1071500003102A760078C97C0DF106030122FCF7A2
:1071600073F938B10020A8754FF0FF34204602B003
:10717000B0BD00BF14F0F70F23D095F82F0000B377
:10718000A87F95F82E100246002818BF0122520051
:107190008DF8072039B16FF07D01002808BF6FF02E
:1071A0007F018DF80710D5E903100DF10703007872
:1071B000097D0122FCF748F9002804BF002085F86A
:1071C0002F00AC750024322085F82040F9F7F0FF3D
:1071D000204602B0B0BD000070B582B00D46014639
:1071E0004FF0FF3042B340F21006C2F200061446E0
:1071F000B27D0AB330694ABAC9B243892944994277
:10720000ADF8062008D8F1680078097E0DF1060374
:107210000222FCF719F918B14FF0FF3002B070BD2F
:10722000D6E90310EAB20078497D2346FCF70CF951
:10723000002818BF4FF0FF3002B070BDF0B587B026
:1072400004A801A9FFF794F8032811D140F2100710
:10725000C2F20007387D03280ED0022812D0002485
:1072600001280CBFC4F28324C4F203340EE000BF33
:10727000012007B0F0BD00BF43F23334C4F28314E1
:1072800004E000BF43F23334C4F20324DDE9040612
:10729000069D01F069FF0146204601F0F9FF01F06B
:1072A00047FF0490304601F05FFF0146204601F0A1
:1072B000EFFF01F03DFF0590284601F055FF014624
:1072C000204601F0E5FF01F033FF069004A8FDF72A
:1072D0003FFB787D03280BD811A2FB7F02EB8002D5
:1072E0000BA1002B08BF01EB8002106801E000BF7A
:1072F000002001AB0ECB4143019102FB00F158434A
:10730000039001A80291FDF78BFA002007B0F0BDB1
:10731000004000009C1F000000100000000800005A
:1073200000200000CE0F0000000800000004000054
:107330005FEA400C08BF91F0000F4FEA8C234FEA40
:10734000C12243EA51514FEA1C5018BF00F5F040EA
:107350004FEA300018BF41F000415FEA6C5C00F07A
:107360002980BCF1FF3F08BF40F080407047130CFC
:1073700006BF12044FF0100C4FF0000C130E04BFA8
:1073800012020CF1080C130F04BF12010CF1040CD3
:10739000930F04BF92000CF1020CD30F04BF5200F4
:1073A0000CF1010C11464FF00002A0F11F00A0EB00
:1073B0000C00704711F0004F08BF704731F00041DA
:1073C0003FF4D5AF0B0C06BF09044FF0100C4FF083
:1073D000000C0B0E04BF09020CF1080C0B0F04BFCC
:1073E00009010CF1040C8B0F04BF89000CF1020C95
:1073F000CB0F04BF49000CF1010CCCF1200322FAA1
:1074000003F341EA030102FA0CF2A0EB0C0000F1D5
:107410000100704723F07F4720F07F4C80EA030093
:1074200000F00040ACEB070303F57C5303F1FF03CE
:107430002DE9804909B44FEA144324EA03484FEA8E
:10744000154B25EA0B4E0FF2042606EB13273E7868
:1074500003FB0667C7F5000707FB06F64FEAD646AB
:1074600006F102064FEA543707FB066CCCF1005CCC
:107470004FEA1C472CEA074C0CFB06F507FB06F409
:1074800004EB15464FEA961649085FEA320234BF0C
:1074900000204FF000404FEAD13706FB07FC4FEACF
:1074A0001C4C0CFB0BF7D21B03FB0CF761EB070129
:1074B0000CFB0EF7B0EB074072EB17420CFB08F722
:1074C00034BFA2EB0742B2EB074261EB17414FEA30
:1074D0000C444FEA910706FB07FC4FEA1C4C0CFBDF
:1074E0000BF7B0EBC74072EB573203FB0CF734BF1E
:1074F000A2EBC742B2EBC74261EB57310CFB0EF770
:10750000B0EBC70072EB57720CFB08F734BFA2EB6D
:10751000C702B2EBC70261EB57714FEA816141EAE2
:1075200092114FEA826242EA90124FEA806004EBC5
:10753000CC04039F4FEAD13706FB07FC4FEA1C4CF3
:107540000CFB0BF7D21B03FB0CF761EB07010CFBE9
:107550000EF7B0EB074072EB17420CFB08F734BF95
:10756000A2EB0742B2EB074261EB17414FEA8C55A1
:1075700004EB9C244FEA910706FB07FC4FEA1C4CE6
:107580000CFB0BF7B0EBC74072EB573203FB0CF769
:1075900034BFA2EBC742B2EBC74261EB57310CFBE1
:1075A0000EF7B0EBC70072EB57720CFB08F734BF55
:1075B000A2EBC702B2EBC70261EB57714FEA8161E0
:1075C00041EA92114FEA826242EA90124FEA8060E9
:1075D00015EB4C2544F100044FEAD13706FB07FCBC
:1075E0004FEA1C4C0CFB0BF7D21B03FB0CF761EBB7
:1075F00007010CFB0EF7B0EB074072EB17420CFBD8
:1076000008F734BFA2EB0742B2EB074261EB174128
:107610004FEA813141EA92414FEA823242EA904296
:107620004FEA80304FEA0C7615EB1C1544F100044C
:1076300048EA03434EEA0B484FF0000EB2EB080C49
:1076400071EB030724BF624639464EEB0E0E4FF036
:10765000000B0018524149414BEB0B0BB2EB080CED
:1076600071EB03077BF1000B24BF624639464EEBFA
:107670000E0E4FF0000B0018524149414BEB0B0B23
:10768000B2EB080C71EB03077BF1000B24BF6246E1
:1076900039464EEB0E0E51EA020718BF46F00106BE
:1076A00016EB0E7655F1000254F1000103D5BDE84A
:1076B0008901BDE80088BDE88901BDE80048B61928
:1076C000524141EB0101A3F10103704780807F7EAD
:1076D0007D7C7B7A79787776767574737271717048
:1076E0006F6E6E6D6C6C6B6A6A69686867666665FA
:1076F0006464636362616160605F5F5E5E5D5D5C88
:107700005C5B5B5A5A5959585857575656555555F8
:107710005454535352525251515050504F4F4F4E58
:107720004E4D4D4D4C4C4C4B4B4B4A4A4A494949A6
:1077300048484847474747464646454545444444E8
:107740004443434343424242424141419C46002B11
:1077500030D477002BD04FEA37071CB503B44FF075
:1077600010004FF01001BAF1000F06D0BCF1000F6D
:10777000DCBF40F0080040F008014FF000000FBCF3
:10778000BDE810400BF1010BBBF1010F08BF5FEA30
:10779000170722BF12F1010211F101014FF0004160
:1077A00043F1000300F0004043EA00007047F9D3C2
:1077B0005708D0E746EA06464FEA164613F1400F4F
:1077C0001FDD13F1200FDFBF16430A4600212033CF
:1077D0005B42BED0C3F1200746EA06464FEA164692
:1077E00002FA07F746EA070622FA03F2C3F1200776
:1077F00001FA07F742EA070221FA03F14FF000030A
:10780000A7E746EA020646EA06464FEA164646EA71
:107810000106BCBF46EA0646360C4FF000034FF0A7
:1078200000024FF0000194E72DE9804C70B49A46B5
:10783000934691E8380007C831EA400C48BF34EA63
:10784000430C03D5FFF7E6FDFFF780FFF0BCBDE872
:10785000008C2DE9804C70B49A46934691E838002C
:1078600007C810F0804F08BF13F0804F03D100F01D
:1078700005F8FFF76BFFF0BCBDE8008C20F07F47F8
:1078800023F07F4C80EA030000F0004007EB0C037C
:10789000A3F57C53A3F1FE0392F0000F00F0B38038
:1078A00095F0000F00F077802DE901494FEA114073
:1078B00021EA00484FEA144624EA064700FB06FC8A
:1078C00008FB06F607FB08F818EB06484CEB164CCD
:1078D00000FB07F718EB07484CEB17404FEA124B39
:1078E00022EA0B4E4FEA154625EA06470BFB06FC3B
:1078F0000EFB06F607FB0EFE1EEB064E4CEB164C7F
:107900000BFB07F71EEB074E4CEB174B18EB0B0866
:1079100040F1000018EB0E0B58EB000840F100009E
:107920008F1A4FF000014FF000063CBFC943661BA1
:1079300014BFB5EB040C00213CBFC943F61B4FEA52
:10794000174427EA04454FEA1C472CEA074C04FB7E
:10795000076205FB07F70CFB05F616EB074642EB43
:10796000174204FB0CFC16EB0C4642EB1C421BEBD3
:10797000060658EB020241414EEA8E0E46EA9E068A
:1079800001D5BDE80189B619524141EB0101A3F1CE
:107990000103BDE801894FEA144524EA05464FEA90
:1079A000114721EA074C05FB07F406FB07F70CFB20
:1079B00006F111EB074144EB174405FB0CFC11EBFE
:1079C0000C4144EB1C444FEA124722EA074C05FBEA
:1079D00007F206FB07F70CFB06F616EB074642EB31
:1079E000174205FB0CFC16EB0C4642EB1C456A18D3
:1079F00054F1000148BF7047B619524141EB0101F3
:107A0000A3F10103704795F0000F37D04FEA114200
:107A100021EA02464FEA144724EA074C02FB07F129
:107A200006FB07F70CFB06F414EB074441EB174188
:107A300002FB0CFC14EB0C4441EB1C414FEA1547D4
:107A400025EA074C02FB07F506FB07F70CFB06F6D9
:107A500016EB074645EB174502FB0CFC16EB0C46F4
:107A600045EB1C42121951F1000148BF7047B6198D
:107A7000524141EB0101A3F1010370474FEA144564
:107A800024EA05464FEA114721EA074C05FB07F1B6
:107A900006FB07F70CFB06F212EB074241EB17411E
:107AA00005FB0CFC12EB0C4251EB1C414FF00006A5
:107AB00048BF7047921841EB0101A3F101037047E1
:107AC000490050EAC12018BF04204A0D18BF40F0F9
:107AD000010040F2FF72B2EB515F08BF40F00200BC
:107AE000012808BF052070472DE9F0414F1E00EB2B
:107AF000C7010446D1E9000115461E4637F00602CB
:107B00000DD02A46334600F07BFE7F1E04EBC703F0
:107B1000D3E9002300F0DCFB37F00602F1D1022F9D
:107B200025D0042F13D0062F18BFBDE8F0812A46B8
:107B3000334600F065FED4E90A2300F0C9FB2A466B
:107B4000334600F05DFED4E9082300F0C1FB2A466D
:107B5000334600F055FED4E9062300F0B9FB2A466F
:107B6000334600F04DFED4E9042300F0B1FB2A4671
:107B7000334600F045FED4E9022300F0A9FB2A4673
:107B8000334600F03DFED4E90023BDE8F04100F0AB
:107B90009FBB012201F0F1BC00F09ABB002213460A
:107BA0001046114600F050BC024A0020110701F0B7
:107BB000E4BC000001FDFFFF30380A2801D201209B
:107BC00070470020704700002DE9F04D8D4F21F0E7
:107BD000004A86B005460C46BA452ADBAAEB0700E8
:107BE00028430AD08848824501DC1AD1CDB106B0BD
:107BF0002846BDE8F04DFFF7CCBF844A844B2846A9
:107C000000F0FEFD07460E46824A834B2846214679
:107C100000F0F6FD06B03A463346BDE8F04D00F000
:107C200057BB0120F8F7C4FC06B0BDE8F04DFFF7E4
:107C3000B5BF7A48824542DABAF1795F0BDA284655
:107C4000FFF73EFF042808BFFFF7AEFF284606B047
:107C50002146BDE8F08D2A460B46104600F0D0FDC7
:107C6000834602466E480E460B4606217844FFF7CF
:107C70003BFF5A46334600F0C3FD804669488A46BA
:107C80005A46334604217844FFF72EFF5A463346BE
:107C900000F0B6FD00223B4600F01AFB02460B4600
:107CA0004046514600F0D0FB2A46234600F0A8FD8E
:107CB00006B02A462346BDE8F04D00F009BB284631
:107CC00024F0004100223D463B4600F097FE4FF075
:107CD000FF3201F052FC0646024653480F460B465F
:107CE00006217844FFF700FF32463B4600F088FD4E
:107CF000CDE900014D4832463B4604217844FFF768
:107D0000F3FE32463B4600F07BFD00222B4600F09E
:107D1000DFFA834602913046394600F06BFA80461E
:107D200043480D46504517DCDDE900015A46029BE9
:107D300000F08AFB42462B4600F062FD42462B468D
:107D400000F0C6FA012201F018FC304A304B00F076
:107D500047FF304A304B4CE04FF0000A52460B468A
:107D6000404600F0B5FACDE9031052462B461046C6
:107D7000194600F045FD32463B4600F03FFEDDE986
:107D8000033200F061FB06460F46DDE900015A466A
:107D9000029B00F059FB8346009101223046394690
:107DA00001F0EBFB194A1A4B00F028FE06460F467D
:107DB00001224046294601F0E0FB5A46009B00F0B4
:107DC0001FFD32463B4600F00BFF06460F460122E0
:107DD0005046294601F0D1FB0E4DDFF858802A4667
:107DE000434600F00BFE32463B4600F007FE2A46B3
:107DF000434600F003FE002CD8BF81F0004106B0DE
:107E0000BDE8F08D0000F03F0000F07F075C143308
:107E100026A6913C182D4454FB21F93F0000E03F79
:107E200098190000AE19000022190000381900004E
:107E30003333EF3FFB21E93F2DE9F84F04460D4670
:107E400021F0004000917349814211DC724988425F
:107E500001DC06D12CB120462946BDE8F84FFFF7DA
:107E600098BE6E48002DCCBF6D496E49BDE8F88FB5
:107E70006D49814211DD6D498142D8BF4FF0FF3617
:107E80006DDD20462946FFF71BFE042808BFFFF7DB
:107E90008BFE20462946BDE8F88F6549654F25F0E1
:107EA0000045814233DD6449814219DD00263246B6
:107EB0004FF080432046294600F00AFA80468A4661
:107EC00001222046294601F058FB00223B4600F0E3
:107ED00087FE4246534600F0B7FA04460D463EE0A0
:107EE00001260022BA463B462046294600F0F0F91A
:107EF00080460F46002253462046294600F070FE79
:107F000042463B4600F0A0FA04460D4627E04B49A6
:107F100081421BDDDFF828A10226002253462046BD
:107F2000294600F06DFC00223B4600F0D1F9804666
:107F30000F46002253462046294600F051FE424695
:107F40003B4600F081FA04460D4608E0032622462F
:107F50002B4600203B4900F077FA04460D462246A6
:107F60002B461046194600F04BFC8B4682460246D3
:107F70000B4600F045FC07460246334888460B4650
:107F800006217844FFF7B0FD52465B4600F038FC0E
:107F900082462E488B463A46434605217844FFF7F1
:107FA000A3FD3A46434600F02BFC02460B46002E4A
:107FB000504659460CDA00F08BF922462B4600F069
:107FC0001FFC01B022462B46BDE8F04F00F016BD65
:107FD00000F07EF922462B4600F012FC1C4A7A443F
:107FE00002EBC603D3E9002300F0FAFD22462B463C
:107FF00000F0F6FD174A7A4402EBC603D3E90023EA
:1080000000F0FCFC009A002AB8BF81F00041BDE8F6
:10801000F88F0000000010440000F07F182D445439
:10802000FB21F93FFB21F9BF0000DC3F0000203EAF
:108030000000F33F0000F03F0000E63F00800340F7
:108040000000F83F0000F0BF3A170000F8160000EB
:10805000961600005E1600002DE9F04D9446CCF116
:10806000000423F000464CEA0404594F46EAD47455
:108070009A46884621F00042BC4206D8454240EA72
:10808000050442EAD474BC4204D9BDE8F04D62460E
:10809000FFF782BDAAF14055A5F17F6555EA0C04B2
:1080A0000BD0022404EAAA744A4DDFF82CE144EA1A
:1080B000D87452EA000B04D00CE0BDE8F04DFFF795
:1080C000BBBE002C14BF012CBDE8F08D022C30D0BB
:1080D000032C32D056EA0C0B0AD0BE4220D1BA4251
:1080E00009D126F0804622F080423346114617E03F
:1080F00000291ADB25E0DFF8E4B0FB44002C04BFC4
:10810000DBE90001BDE8F08D012C02BFDBE90001D5
:1081100081F00041BDE8F08D022C0AD0032C0CD078
:10812000BA4212D1B8F1000F0BDA2A482C49BDE847
:10813000F08D28462B49BDE8F08D28467146BDE8F4
:10814000F08D24482849BDE8F08D921B12153C2A79
:10815000C4BF204F244E10DCBAF1000FBEBF12F195
:108160003C0F00273E4608DB624600F06DF921F027
:108170000041FFF761FE07460E4694B1012C08BF8F
:1081800086F000460DD0194A194B022C384631466C
:1081900015D000F025FD2A46BDE8F04D114B00F04A
:1081A0001FBD002213463846314600F0A7FA04BF2F
:1081B0000220F8F7FDF938463146BDE8F08D00F0B1
:1081C0000FFD2A46BDE8F04D064B00F017BC00003D
:1081D0000000F07F182D4454FB2109C0F215000067
:1081E000FB21F9BFFB210940FB21F93F075C143358
:1081F00026A6A13C2DE9F04106460F4600F00AFCF8
:10820000041E0D4618BF0120284320F00040C0F195
:108210007F6000F1E040C00F0ED0301C18BF01207D
:10822000384320F00040C0F17F6000F1E040C00F13
:1082300004BF0120F8F7BCF920462946BDE8F081CB
:1082400010B500290AD00878002807D005487844DE
:10825000F8F76CFD002801D0002010BD02487844DA
:1082600010BD000002280000FA27000021F00042A3
:1082700001F00043A2F16052B2F5801F28BFD2F195
:108280007F6C0BD95FEA001C43EAC20242EB5070DC
:1082900018BF704728BF20F001007047B2F5801F5B
:1082A000BCBF184670474FEA410C1CF5001F02D2B4
:1082B000084601F0B4B870B500F04CFB000000892E
:1082C000FFF7F6BF4FF00040A0F5800070470000B8
:1082D00010B591EA030F48BF83F0004300F1888492
:1082E000841A71EB030C05D2121943EB0C03001B2B
:1082F00061EB0C014FEA1154A4EB135CDFF81CE1B5
:108300001EEA430F18BF9EEA445F00F0748021EA22
:10831000045123EA0E0343F48013DCF1200E32D320
:1083200022FA0CFE10EB0E0023FA0CFE41EB0E01BC
:10833000CCF1200E03FA0EFE10EB0E00CCF1200E55
:1083400051F10001B1F5801F32D201EB045112FA54
:108350000EF2BDE8104058BF7047401C38BF5FEABE
:10836000420218BF7047002814BF20F0010041F1FD
:1083700000014FEA410313F5001F38BF7047A1F118
:10838000C04100F035BB012A43EB0302ACF1200CE5
:10839000DCF11F0E32BF4FF0000E23FA0CF310EB8E
:1083A000030041EB0451B4EB115FD0D0A1EB0451B9
:1083B00001F58011490801EB04515FEA30000ED34A
:1083C00050F1000038BF12FA0EFE08D1BDE810408F
:1083D000C9E7401C38BF5FEA4202CAD1C3E7BDE823
:1083E00010404FEA410313F5001F38BF7047A1F159
:1083F000C04100F0FDBA9EEA445F08D011EA5E0F6A
:10840000BDE8104004BF01F0004100207047BDE806
:10841000104070B500F09EFA64FBBE3E0000E0FF25
:1084200002494FF0000001F076B800BF0000F87F6D
:10843000491058BFC1F140415B1058BFC3F14043E0
:108440008B42EFF3008070472DE9C04130B4DFF874
:10845000A4C23CEA111418BF3CEA131400F0ED80EA
:108460001CEA111481EA030544EAD57418BF1CEA1A
:10847000131500F0C880A4EB050404F17F7404F523
:1084800000344FF0004545EAC12145EAC32341EAE3
:10849000505143EA52534FEAC0204FEAC222994258
:1084A00008BF904200F09D804FEA13650FF244161A
:1084B000765D4FEA134506FB05F7C7F1807706FBAB
:1084C00007F74FEAD737A7FB03687642A7FB06CE2C
:1084D000C8F5803838BFA8F1010807FB08E6A6FBFD
:1084E000028C4FF0000EE6FB03CEDCF1000CCEF167
:1084F000004E38BFAEF1010EA6FB0C584FF000073E
:10850000E6FB0E87A1FB08C6A0FB07CE16EB0E0606
:108510004FF0000545F10005E1FB076515F1E04E60
:108520007EBFA4F580345FEA46066D4116F18007F0
:1085300045F100054FEA172747EA05674FEA152579
:108540004FEA0666A6F1DE46B6F1805F20D93846CE
:1085500005EBC47124F0010C01EB0C11BCF1FE6FB2
:1085600002D8F0BCBDE8008124425CBF01F5801E4A
:108570009EEAC47F02D4F0BCBDE80081244200F131
:108580003980A1F1C041F0BCBDE8004100F030BA33
:108590004FEAD02040EA41504FEAD1214FEAD2229F
:1085A00042EA43524FEAD323A7FB028607FB036646
:1085B00005FB02661EEA0E0F58BFA6EB0056B6EB8F
:1085C00000564FEA520E4EEAC37E18EB0E0E56EBE3
:1085D000530EBCD518EB02085E417F1C55F1000517
:1085E000B5E74FF480154FF000074FF000064FF04D
:1085F0000008ACE701F1C04101F000414FF000007C
:10860000F0BCBDE800810CEA131511EA0C1F00D084
:108610000CE013EA0C1F00F026804FF0000081EA06
:10862000030101F00041F0BCBDE80081F0BCBDE8F1
:10863000004181EA030100F0DBB9F0BCBDE8004174
:1086400070B500F087F900BF097EFC3E00F007B866
:108650004FF0000081EA030101F00041704781EA18
:10866000030100F0C5B9F0BCBDE8004122494FF05C
:1086700000007047FFFDFBF9F7F5F4F2F0EEEDEBCB
:10868000E9E8E6E4E3E1E0DEDDDBDAD8D7D5D4D310
:10869000D1D0CFCDCCCBCAC8C7C6C5C4C2C1C0BF5C
:1086A000BEBDBCBBBAB9B8B7B6B5B4B3B2B1B0AF62
:1086B000AEADACABAAA9A8A8A7A6A5A4A3A3A2A146
:1086C000A09F9F9E9D9C9C9B9A9999989797969501
:1086D00095949393929191908F8F8E8E8D8C8C8B9D
:1086E0008B8A898988888787868585848483838225
:1086F000828181800000FF070000F87F51EA030CAF
:1087000017D41CF5801F58BFBCF5801F00F10680F0
:10871000994218BF704708BF9042704707D711F5BC
:10872000801F58BF13F5801F19D4994270478942A2
:1087300070471CF5801F08D5BCF5801FF7D58B420C
:1087400018BF704708BF824270474FF4001C1CEBF3
:10875000410F38BF1CEB430F01D28B42704770B5FD
:1087600000F0F8F8922449004FF000514FF0805388
:10877000FFF75EBE4FEA41034FEA5353A3F5806310
:10878000D3F11E03C8BFD3F1210C0CDD4FF0004222
:1087900042EAC12242EA505232FA03FC8CEAE17CFE
:1087A000ACEBE1707047102BC4BF0020704703F59D
:1087B000787CBCF1FF3F04D06FF0004282EA2100D8
:1087C000704770B500F0C6F84992248000207047C9
:1087D000F2E710F0004248BF4042B0FA80F310FACE
:1087E00003F10AD0C3F11D0303F5806302EB0352CA
:1087F0004FEA415002EBD12170474FF00000704723
:1088000070B5DFF848C11CEA111E1EBF1CEA131523
:108810009EEA0C0F95EA0C0F00F06F8081EA0304CA
:108820004EEAD47EAE4421EA4C1123EA4C1341F4C3
:10883000801143F48013AEF17F7EA1FB024CA0FBBC
:108840000365361955EB0C05A1FB034C4CF10003F5
:10885000A0FB021C16EB0C06654153F10003094214
:1088600018BF46F0010613F4007F0BD14FEA033125
:108870004FEA053041EA155140EA165034036FF0D3
:1088800003020AE04FEAC3214FEAC52041EA5551ED
:1088900040EA5650F4026FF0020202EB2E4201EB66
:1088A000025585EACE710AD05FEA440C18BF24F065
:1088B000004450F1000041F1000120EAD47040F280
:1088C000FE7C624500D270BDA84214BF4FF08044C8
:1088D0004FF04044002E08BF0024BEF1806FA8BFB7
:1088E000A1F1C041BDE8704080F2828001F1C04139
:1088F00001F000414FF0000070470CEA13159EEAAA
:108900000C0F18BF95EA0C0F06D081EA030E4FF04A
:1089100000000EF0004170BD00F01CF88900013E1F
:1089200000F007B800F009B84FEA430C5FEA5C5C5E
:1089300008D081EA030100F05BB84FEA410C5FEA1E
:108940005C5CF6D102494FF0000070470000FF0761
:108950000000F87F0EF1020E2EF0030E5EF8046B9D
:10896000364205D4012A43EB030515F5001F12D842
:10897000012841EB010C1CF5001F0CD80ED14FEA69
:10898000D17C0CEB4C0C0CF1020C15F5001F08BF50
:108990004CEBD37C04E04FF0080C01E04FEAD37CB1
:1089A0000CEB4C0526FA05F606F00706B6F1040CAA
:1089B00006D20EEB860CBDE870404CF0010C60470F
:1089C000DFE80CF0090B02024FF00041A1F5002195
:1089D0004FF0000070BD19461046012851EB01040C
:1089E00018BFD4F5001484BF002001F0004170BD11
:1089F0000808A0F500114FEA3101704710B591EA5F
:108A0000030F81F000413FF56BAC83F0004300F0B1
:108A1000EFB800002DE9F04101F5801CBCF5001F06
:108A2000C0F2C3804FEA115C21EA0C5141F480117D
:108A30000CF1FD0C5FEA5C0C0CF5C07C01D340002E
:108A40004941890241EA905187023BA48E0EA45D00
:108A50000A0C04FB04F602FB06F6C6F14046A4FB32
:108A60000662F60D46EA422606FB06F4A4FB012345
:108A70005242C3F1404338BF5B1EA6FB02420024B2
:108A8000E6FB0324D20B42EA4446A6FB0623A1FBE5
:108A900002E2A3FB07E4A4184FF0000252F1000227
:108AA000E3FB01426442C2F1404E38BFAEF1010E19
:108AB000A6FB04234FF00002E6FB0E32A2FB0346A6
:108AC000B6194FF0000454F10004E2FB0264A1FB6C
:108AD00006E6A4FB07E816EB08064FF0000858F17D
:108AE0000008E4FB01687642C8F1405838BFA8F19D
:108AF0000108A2FB06E4A3FB08E52D194FF00004D2
:108B000054F10004E2FB0854A1FB05E6A7FB04E8CE
:108B100018EB06084FF0000656F10006E1FB04864C
:108B200018F1200556F10006A80940EA8660B1094F
:108B3000A8F11B0808F03F08B8F10A0F1CD901EB97
:108B40000C51BDE8F08100BFFCF5EEE8E2DDD8D3C2
:108B5000CFCBC7C3C0BDB9B6B4B1AEACA9A7A5A3AE
:108B6000A19F9D9B9A9896959392908F8D8C8B89BF
:108B70008887868584838281A0FB006800FB01F2E0
:108B800008EB4208B8EB872807D5341858EB0104E6
:108B9000D5D5401C51F10001D1E7341A78EB01041E
:108BA000CDD4401E71F10001C9E75FEA4C0C5FEAC9
:108BB0009C5C0DD105D301F000414FF00000BDE8F1
:108BC000F081BDE8F04170B5FFF7C4FE6DDBFFBE7C
:108BD000BDE8F04101494FF0000070470000F87F08
:108BE00010B591EA030F48BF83F000433FF578AB1F
:108BF000841A71EB030C07D28CF0004C121943EB72
:108C00000C03001B61EB0C014FEA1154A4EB135C45
:108C1000DFF8A4E11EEA430F18BF9EEA445F00F0AC
:108C2000B48021EA045123EA6E035242C3EB6E037F
:108C300038BF5B1EDCF1200E25D322FA0CFE10EBB0
:108C40000E0043FA0CFE41EB0E01CCF1200E03FAAC
:108C50000EFE10EB0E00CCF1200E51F1000129D4D4
:108C600001EB045112FA0EF2BDE8104058BF7047F4
:108C7000401C1CBFB2F1004F704700280CBF491CBC
:108C800020F00100704712EB020E43EB030218BF05
:108C90004FF0010E4EEA4202ACF1200CDCF11E0E48
:108CA00056D943FA0CFE10EB0E00CCF11E0E51F11A
:108CB000FF31D5D50EF1010E12FA0EFE404141EB07
:108CC000010101EB445C5FEA5C5C10D901EB0451EB
:108CD00010EBDE7038BFBEF1004FBDE8104018BF8A
:108CE000704700280CBF491C20F00100704734D2A7
:108CF0004FEAD42C24F4006411F500111BD0B1FA12
:108D000081F20B3AA41AA41ED2F12003914030FA4A
:108D100003F31943904001EBCC7101EB0451002C9B
:108D2000BDE81040A8BF704701F1C04101F000410B
:108D30004FF000007047B0FA80F310FA03F102D14F
:108D4000BDE810407047E41A173C4805C90AE2E73D
:108D500001EB0451BDE81040704749104FEA300064
:108D600001EB0451BDE8104002E04FF000017047F4
:108D70004A0008BF0042F8D0B2F5001F28BF704774
:108D800001F000414FF0000070479EEA445F07D0B9
:108D900011EA5E0FBDE8104004BF002100207047BB
:108DA000BDE8104070B5FFF7D5FD00BF40DFF63ECF
:108DB000104683F0004170470000E0FF43004FEA97
:108DC000D30C4FEA3C0C43401FBF40070CF16051ED
:108DD00013F0FE4F70471CF0006F03D10CF0004100
:108DE000002070470CF0004343EA507040EACC008A
:108DF00010B500F0CEFA00BF000000924FEA00016B
:108E0000FFF7F6BD4FF00041A1F500214FF0000043
:108E10007047000090EA010F48BF81F0004100F167
:108E20000A83421A3CBF801A89184FEAD052A2EB3B
:108E3000D1534FF07F4C1CEA410F18BF9CEA026FE0
:108E400000F03B804FF0004C4CEA00204CEA01213E
:108E500021FA03FC10EB0C0C1ED202F1FF325FEA88
:108E60001C2040EBC25038BF70471CF07F0F4FEA08
:108E7000400C18BFBCF17F4F38BF7047C3F12003CF
:108E8000994008BF20F00100BCF17F4F38BF704708
:108E9000A0F1C04000F0C3BA4FEA3C00000A40EB2A
:108EA000C25028BF1CF0FF0F4FEA400CE6D018BF9D
:108EB000BCF17F4F38BF7047EAE79CEA026F05D0EC
:108EC00010EA5C0F08BF00F00040704710B500F0DA
:108ED00060FA00BF64FBBE3E10B500F0F5F80CBFB1
:108EE0000120002010BD10B500F0EEF814BF0120E5
:108EF000002010BD10B500F063F98CBF01200020E8
:108F000010BD10B500F05CF92CBF0120002010BD91
:108F100010B500F089F994BF0120002010BD10B5F4
:108F200000F082F934BF0120002010BD401058BF6E
:108F3000C0F14040491058BFC1F140418142EFF3B8
:108F4000008070474FF47F0C1CEAD0121EBF1CEA51
:108F5000D11392EA0C0F93EA0C0F00F0858090EA8F
:108F6000010F48BF42F4807240F4000C41F400004D
:108F70002CF07F4120F07F4000B5A2EB030281423C
:108F80000FF2081CACEB504E9EF800E0C0F1000060
:108F90004FEA4E0E00FB0EFC38BF49004FEA2C1C76
:108FA0000CFB0EF34FEACE1E0EEB635E4FEA112C64
:108FB0000EFB0CFC4FEAC1214FEA1C5300FB0311CE
:108FC00002F5FA024FEA112C0EFB0CFC4FEA0131BC
:108FD0004FEADC4C00FB0C1142EB2242C14228BF9D
:108FE00009184CEB03335DF804EB10EB410143EB44
:108FF000C250B2F57C0F38BF704729D512F0F00F80
:109000001CBF00F1C04000F0004070470081828327
:109010008485868788898B8C8D8E8F919293959687
:1090200097999A9C9D9FA0A2A3A5A7A8AAACAEB011
:10903000B2B3B5B7B9BCBEC0C2C5C7C9CCCED1D416
:10904000D7D9DCDFE2E6E9ECF0F3F7FAFE00000046
:109050004FEA400C0CF1807CBCF17E4F28BF70477A
:10906000B0F1C04000F0DBB90CEAD11390EA010F77
:1090700048BF42F48072624538BF634507D213F49B
:109080007F0F16D080EA010000F00040704710B555
:1090900000F07FF9097EFC3E00F005B880EA01008F
:1090A00000F00040704780EA010000F0004000F04E
:1090B000B6B912F47F0F04BF0248704780EA01007E
:1090C00000F0ADB90000C07F50EA010C00F1138040
:1090D0001CF5000F58BFBCF5000F01D48842704743
:1090E00007D710F5000F58BF11F5000F15D48842AF
:1090F0007047894270471CF5000F04D5BCF5000F7E
:10910000F7D5814270474FF0807C1CEB400F38BF91
:109110001CEB410F01D28142704710B500F039F9C4
:10912000922449004FF000504FF08051FFF7FEBEEF
:1091300041000B0ED3F19E0208D950F400034FEA10
:10914000032323FA02F048BF4042704710B500F0F5
:1091500020F900BF49922480002070476FF0004240
:1091600082EA20007047000010F0004148BF4042F2
:10917000B0FA80F310FA03F2C3F19D030BD051EA69
:10918000C35101EB1220530638BF704700F10100B4
:1091900008BF20F001007047B0FA80F310FA03F224
:1091A000C3F19D030AD0D90501EB1220530638BF45
:1091B000704700F1010008BF20F001007047000077
:1091C00050EA010C00F113801CF5000F58BFBCF5EC
:1091D000000F01D48842704707D710F5000F58BF21
:1091E00011F5000F15D488427047894270471CF56D
:1091F000000F04D5BCF5000FF7D5814270474FF042
:10920000807C1CEB400F38BF1CEB410F01D2814228
:10921000704710B500F0BDF8922449004FF080501F
:109220004FF00051FFF782BE50EA010C00F11380AD
:109230001CF5000F58BFBCF5000F01D488427047E1
:1092400007D710F5000F58BF11F5000F15D488424D
:109250007047894270471CF5000F04D5BCF5000F1C
:10926000F7D5814270474FF0807C1CEB400F38BF30
:109270001CEB410F01D28142704710B500F089F814
:10928000922449004FF000504FF08051FFF74EBE3E
:109290004FF47F0C1CEAD0121EBF1CEAD11392EAD5
:1092A0000C0F93EA0C0F00F0478090EA010F48BFC3
:1092B00042F480724FF0004C4CEA00204CEA01214D
:1092C00002EB0302A0FB0113A2F50002002918BF64
:1092D00043F001035B0028BF4FEA330342EB224215
:1092E0005FEA132C4CEBC2502EBFBCEB436FB2F5C0
:1092F0007C0F70474FEA036CBCF1004F08BF20F0B1
:109300000100B2F57C0F38BF70470BD582F0FF0229
:1093100012F5803FC8BF704700F1C040D8BF00F0D1
:109320000040704700F5000C5FEA4C0C48BF7047E6
:10933000B0F1C04000F073B80CEAD11390EA010F0D
:1093400048BF42F48072624538BF634504D280EA68
:10935000010000F00040704710B500F01AF800BF9F
:109360008900013E00F007B800F009B85FEA410C3F
:109370005FEA1C6C08D080EA010000F050B85FEA98
:10938000400C5FEA1C6CF6D14FF00040A0F5800065
:1093900070470EF1020E2EF0030E5EF8044B2442CD
:1093A00004D44FEA4102B2F17F4F11D84FEA400393
:1093B000B3F17F4F0CD80ED14FEAD07C0CEB4C0CA4
:1093C0000CF1020CB2F17F4F08BF4CEBD17C04E0F2
:1093D0004FF0080C01E04FEAD17C0CEB4C0324FA6F
:1093E00003F404F00704B4F1040C06D20EEB840C71
:1093F000BDE810404CF0010C6047DFE80CF00708B6
:1094000002024FF00040A0F5800010BD0846420067
:1094100018BFD2F1807288BF00F0004010BDFF215C
:1094200041EAD050C005704790EA010F48BF81F073
:1094300000413FF5F6AC421A04D882F00042A0EB9E
:10944000020011444FEAD052A2EBD1534FF07F4CAF
:109450001CEA410F18BF9CEA026F4AD04FF0004C43
:109460004CEA00204CEA012121FA03FCB0EB0C0C81
:109470000FD412F0FE0F36D05FEA4C001DD500125B
:1094800040EBC25038BF70471CF03F0F18BF704709
:109490000BE05FEA1C20A2F1010240EBC25038BF92
:1094A00070471CF07F0F18BF7047C3F1200399402D
:1094B00014BF401E20F0010070474FEA12238008BD
:1094C00008BF7047B0FA80FCA2EB0C02CCF1280C6C
:1094D00060FA0CF093EA122F04BF00EBC250704701
:1094E0004FEAC3707047130A5FEADC1008BF704789
:1094F000F6E79CEA026F04D010EA5C0F08BF002078
:10950000704710B5FFF745FF40DFF63E81F00040A1
:109510007047F7F784B90CF00F03092B08BF082038
:1095200000F059800A2B0BD0082B18BF704708BFDA
:109530001CF0400F0AD04FF000004FF000017047C0
:109540001CF0400F18BF4FF0004070471CF0100F88
:1095500008D000F07F4220F0704342EAD3014FEA86
:109560004370704700F0604021F07F4242EA000201
:1095700001F07F4040EA727070474FF0FF0C4CF4EE
:10958000E06C1CEA11531CBF9CEA030C9445C2BF5B
:10959000DA4201EB02517047002B0DD0BCF1000FF5
:1095A0000FD001F00041002AA4BF41F0E04141F09A
:1095B0007F614FF00000704701F000414FF0000064
:1095C000704750EA01334FF09B0C18BF4CF0806C91
:1095D0007EF426AF70471CF4801F11D01CF4E02FDE
:1095E00003D06FEACC31490070474FF04050EFF3A1
:1095F000008222F0704242EA000282F30088704743
:109600004FF0000070470000555555555555C53F62
:109610007D6FEB0312D6D4BF5544880E55C1C93FA8
:109620003B8F68B52882A4BF88B20175E0EF493F3F
:1096300009F7FD0DE13D023F4B2D8A1C273A03C07F
:10964000C88A599CE52A004059018D1B6C06E6BF6B
:1096500082922EB1C5B8B33F4FBB610567ACDD3F09
:10966000182D4454FB21E93F9BF681D20B73EF3F49
:10967000182D4454FB21F93FE2652F227F2B7A3CC1
:10968000075C143326A6813CBDCBF07A8807703C7A
:10969000075C143326A6913CC4EB98999999C9BFED
:1096A000711623FEC671BCBF6D9A74AFF2B0B3BF22
:1096B0009AFDDE522DDEADBF2F6C6A2C44B4A2BFE2
:1096C0000D5555555555D53FFF8300922449C23F4E
:1096D0006E204CC5CD45B73F513DD0A0660DB13F82
:1096E000EB0D76244B7BA93F11DA22E33AAD903F94
:1096F000000000000000000002400000000000A088
:109700000000000005400000000000C8000000004C
:109710000C4000000000409C0000000019400000C8
:109720000020BCBE0000000034400000BFC91B8EFA
:1097300000000004B5400000504BCFD06607E2CFD8
:10974000010000006C4100003E8251AADFEEA73408
:1097500001000000D9420000DCB5A0E23A301F97BA
:10976000FFFFFFFFB4450000FD25A0C8E9A3C14FDE
:10977000FFFFFFFFFF3F000000000080000000002F
:10978000FF3F000000000080000000000CC92C4CCE
:10979000CD6C000000000000000001020304060779
:1097A000080900000000010203040102000000009B
:1097B000000000000000000000000000000000F8B1
:1097C00000000000000000333000000000100C0614
:1097D000100C0600000000000000000040C07840AF
:1097E000C0784000043F04043F040400007088FC7B
:1097F00008300000001820FF211E0000F008F000D3
:10980000E018000000211C031E211E0000F0088843
:10981000700000001E2123241927211010160E00AD
:10982000000000000000000000000000000000E058
:10983000180402000000000718204000000204186D
:10984000E00000000040201807000000404080F0C9
:10985000804040000202010F01020200000000F0FF
:10986000000000000101011F0101010000000000D3
:109870000000000080B07000000000000000000048
:1098800000000000000101010101010100000000D1
:109890000000000000303000000000000000000068
:1098A00080601804006018060100000000E0100845
:1098B0000810E000000F102020100F00001010F81A
:1098C000000000000020203F202000000070080859
:1098D00008887000003028242221300000300888D9
:1098E000884830000018202020110E000000C02001
:1098F00010F8000000070424243F240000F8088822
:10990000880808000019212020110E0000E01088AE
:1099100088180000000F112020110E0000380808E0
:10992000C83808000000003F0000000000708808F0
:1099300008887000001C222121221C0000E0100871
:109940000810E0000000312222110F00000000C0CA
:10995000C000000000000030300000000000008067
:109960000000000000008060000000000000804057
:109970002010080000010204081020004040404070
:1099800040404000040404040404040000081020C3
:109990004080000000201008040201000070480808
:1099A0000808F0000000003036010000C030C82870
:1099B000E810E0000718272423140B000000C0382B
:1099C000E0000000203C23020227382008F88888A5
:1099D00088700000203F202020110E00C0300808B1
:1099E00008083800071820202010080008F8080888
:1099F0000810E000203F202020100F0008F8888881
:109A0000E8081000203F20202320180008F888884C
:109A1000E8081000203F200003000000C0300808C4
:109A20000838000007182020221E020008F808004D
:109A30000008F808203F210101213F20000808F814
:109A4000080800000020203F202000000000080837
:109A5000F8080800C08080807F00000008F888C0F7
:109A600028180800203F20012638200008F80800A8
:109A700000000000203F20202020300008F8F800DF
:109A8000F8F80800203F003F003F200008F830C0F1
:109A90000008F808203F200007183F00E0100808E1
:109AA0000810E0000F10202020100F0008F8080810
:109AB0000808F000203F210101010000E010080823
:109AC0000810E0000F18242438504F0008F8888848
:109AD00088887000203F2000030C30200070880828
:109AE000080838000038202121221C00180808F836
:109AF000080818000000203F2000000008F80800B7
:109B00000008F808001F202020201F000878880087
:109B100000C83808000007380E010000F80800F8F7
:109B20000008F800033C0700073C030008186880A1
:109B30008068180820302C03032C30200838C80017
:109B4000C83808000000203F200000001008080866
:109B5000C83808002038262120201800000000FE08
:109B6000020202000000007F40404000000C30C0B4
:109B700000000000000000010638C00000020202E0
:109B8000FE000000004040407F0000000000040292
:109B900002020400000000000000000000000000BD
:109BA00000000000808080808080808000020204AD
:109BB00000000000000000000000000000008080A5
:109BC000808000000019242222223F2008F8008013
:109BD00080000000003F112020110E0000000080D6
:109BE00080800000000E1120202011000000008065
:109BF0008088F800000E112020103F200000808097
:109C000080800000001F222222221300008080F0AA
:109C1000888888180020203F2020000000008080D5
:109C200080808000006B94949493600008F800801A
:109C300080800000203F210000203F200080989875
:109C4000000000000020203F2020000000000080D5
:109C50009898000000C08080807F000008F8000015
:109C600080808000203F24022D302000000808F86A
:109C7000000000000020203F202000008080808025
:109C800080808000203F20003F20003F80800080B7
:109C900080800000203F210000203F2000008080C5
:109CA00080800000001F202020201F008080008076
:109CB0008000000080FFA12020110E000000008025
:109CC00080808000000E112020A0FF808080800016
:109CD0008080800020203F21200001000000808043
:109CE000808080000033242424241900008080E038
:109CF000808000000000001F202000008080000005
:109D000000808000001F202020103F2080808000E5
:109D10000080808000010E300806010080800080F5
:109D2000008080800F300C030C300F00008080001A
:109D3000808080000020312E0E3120008080800045
:109D40000080808080818E701806010000808080F5
:109D5000808080000021302C222130000000000093
:109D6000807C020200000000003F40400000000034
:109D7000FF00000000000000FF0000000002027C65
:109D8000800000000040403F00000000000601018C
:109D900002020404000000000000000002030405A9
:109DA000060708090A0B0C0D0E0F101000007000BA
:109DB00000000024000000020003000000650054C1
:109DC000FFEF0000FA80000B12820001030C30C389
:109DD0000E8C8CE914D5400213710F8E3883F883F2
:109DE0003000F883258EF8833000F883FFFFFFFFF3
:109DF0000FFEA9D6240004001A8279A10000003CBD
:109E0000FFFF00000010000038836FA2003E033007
:109E10004000000002CAE3093E800000200000006C
:109E2000000000004000000060000000000C000086
:109E3000000C186E000006920A16C0DFFFFF0256E3
:109E4000FD8CD377FFE1C496E0C5BEAA00000000F8
:109E5000FFFF0B2B000016570000035940000000C5
:109E600000001DFA00026C1D000000003FFFDFEB48
:109E7000003EB3B6000D227800002F3C0000000029
:109E8000001942B5000039A20000B365D90E9FC980
:109E90001DCF4C3430000000500000003BB67AE883
:109EA0000064000000C80000000000001000000076
:109EB0001000FA921000225E000D229F00010000A7
:109EC00000320000FF46000063D4000010000000D4
:109ED00004D6000004CC000004CC00000000107286
:109EE000000000400000000000000000000600022A
:109EF00000050007000000000064000000000000F2
:109F000000000005000500640020000000000000C3
:109F100000000000000040000000030000000032CC
:109F2000F8980000FF650000830F0000FF9BFC0015
:109F30000000000000000000000000000000000021
:109F40000000000000000000000000000000000011
:109F500000000000000000000000100040000000B1
:109F6000000000060000B26A000200000001FB834E
:109F70000068000000D9FC007CF1FF8300000000B5
:109F800000650000006403E800640028000000256C
:109F90000000000016A000000000100000001000EB
:109FA000002F0000000001F4000010000028000055
:109FB000FFFF4581FFFFFA72000000000000000073
:109FC000004400050005BAC6004778A20000000161
:109FD0000000000000000600000000140000254DF5
:109FE000002F706D000005AE000C02D000000000D4
:109FF000000000000000000000000000001B000046
:10A0000000000000000000000000000000640000EC
:10A010000008000000000000000000000000000038
:10A020000000000000000000000000000000000030
:10A030000000000000000000000000000000000020
:10A040000000000000000000000000000000000010
:10A050000000000000000000000000000000000000
:10A06000000000000000000000000000001B0000D5
:10A070000000000000000000000E000E00000AC7F3
:10A080000004000000000032FFFFFF9C00000B2BCB
:10A09000000000020000000100000064FFE5000075
:10A0A00000000000000000000000000000000001AF
:10A0B000000000000001000000000000000180001E
:10A0C0000001800000018000002426D30000000071
:10A0D00000000000000600100096003C0000000098
:10A0E0000000000000000000000000000C0A4E68A4
:10A0F000CDCF770950166759C619CE8200000000EF
:10A10000000000000000000000000000000000004F
:10A110000000000017D784000300000000000000CA
:10A1200000000000C7938F9D1E1B1C19000000003B
:10A13000000000000000000000000000000000001F
:10A14000000000000203188500004000000000032A
:10A1500000000003000000000000000040000000BC
:10A1600000000000000000000000000000000000EF
:10A1700000000000000000000000000000000000DF
:10A1800000000000000000000000000000000000CF
:10A19000677DDF7E72902E554CF6E6880000000049
:10A1A000000000000000000000000000D8DCB4B88F
:10A1B000B0D8B9ABF3F8FAB3B7BB8E9EAEF132F5B7
:10A1C0001BF1B4B8B08097F1A9DFDFDFAADFDFDFD2
:10A1D000F2AAC5CDC7A90CC92C97F1A98926466654
:10A1E000B28999A92D557DB0B08AA896365676F1D8
:10A1F000BAA3B4B280C0B8A89711B28398BAA3F03A
:10A20000240844106418B2B9B49883F1A329557D89
:10A21000BAB5B1A38393F0002850F5B2B6AA8393E0
:10A2200028547CF1B9A3829361BAA2DADEDFDB8124
:10A230009AB9AEF5606870F1DABAA2DFD9BAA2FABB
:10A24000B9A38292DB31BAA2D9BAA2F8DF85A4D031
:10A25000C1BBAD83C2C5C7B8A2DFDFDFBAA0DFDFF5
:10A26000DFD8D8F1B8AAB38DB4980D355DB2B6BABF
:10A27000AF8C96198F9FA70E161EB49AB8AA872C7A
:10A28000547CBAA4B08AB691325676B28494A4C8EB
:10A2900008CDD8B8B4B0F19982A82D557D98A80EF4
:10A2A000161EA22C547C92A4F02C5078F184A8980D
:10A2B000C4CDFCD80DDBA8FC2DF3D9BAA6F8DABAC8
:10A2C000A6DED8BAB2B68696A6D0F3C841DAA6C83A
:10A2D000F8D8B0B4B882A892F52C548898F135D942
:10A2E000F418D8F1A2D0F8F9A884D9C7DFF8F88318
:10A2F000C5DADF69DF83C1D8F40114F1A8824EA862
:10A3000084F311D182F5D992289788F109F41C1CA5
:10A31000D884A8F3C0F9D1D99782F129F40DD8F3E4
:10A32000F9F9D1D982F4C203D8DEDF1AD8F1A2FA42
:10A33000F9A88498D9C7DFF8F8F883C7DADF69DFAE
:10A34000F883C3D8F40114F198A8822EA884F311DD
:10A35000D182F5D992509788F109F41CD884A8F3DA
:10A36000C0F8F9D1D99782F149F40DD8F3F9F9D1B0
:10A37000D982F4C403D8DEDFD8F1AD8898CCA8091F
:10A38000F9D98292A8F57CF1883ACF944A6E98DB8D
:10A390006931DAADF2DEF9D88795A8F221D1DAA5D4
:10A3A000F9F417D9F1AE8ED0C0C3AE82C684C3A86B
:10A3B0008595C8A588F2C0F1F4010EF18E9EA8C65D
:10A3C0003E56F554F18872F40115F19845856EF505
:10A3D0008E9E0488F142985A8E9E068869F4011C6C
:10A3E000F1981E1108D0F504F11E97020298362547
:10A3F000DBF9D985A5F3C1DA85A5F3DFD88595A862
:10A40000F309DAA5FAD88292A8F578F1881A849F20
:10A4100026889821DAF41DF3D8879F39D1AFD9DF88
:10A42000DFFBF9F40CF3D8FAD0F8DAF9F9D0DFD978
:10A43000F9D8F40BD8F3879F39D1AFD9DFDFF41DFA
:10A44000F3D8FAFCA869F9F9AFD0DADEFAD9F88FB7
:10A450009FA8F1CCF398DB45D9AFDFD0F8D8F18FC6
:10A460009FA8CAF38809DAAF8FCBF8D8F2AD978DE1
:10A470000CD9A5DFF9BAA6F3FAF412F2D8950DD1EA
:10A48000D9BAA6F3FADAA5F2C1BAA6F3DFD8F1BABF
:10A49000B2B68696A6D0CAF349DAA6CBF8D8B0B43D
:10A4A000B8D8AD84F2C0DFF18FCBC3A8B2B6869620
:10A4B000C8C1CBC3F3B0B48898A821DB718D9D715E
:10A4C000859521D9ADF2FAD88597A828D9F408D86E
:10A4D000F28D29DAF405D9F285A4C2F2D8A88D94B8
:10A4E00001D1D9F411F2D88721D8F40AD8F284988E
:10A4F000A8C801D1D9F411D8F3A4C8BBAFD0F2DEFB
:10A50000F8F8F8F8F8F8F8F8D8F1B8F6B5B9B08A6C
:10A5100095A3DE3CA3D9F8D85CA3D9F8D87CA3D9FD
:10A52000F8D8F8F9D1A5D9DFDAFAD8B18530F7D95A
:10A53000DED8F830ADDADED8F2B48C99A32D557D93
:10A54000A083DFDFDFB591A0F629D9FBD8A0FC29D5
:10A55000D9FAD8A0D051D9F8D8FC51D9F9D879D99D
:10A56000FBD8A0D0FC79D9FAD8A1F9F9F9F9F9A06A
:10A57000DADFDFDFD8A1F8F8F8F8F8ACDEF8ADDE06
:10A580008393AC2C547CF1A8DFDFDFF69D2CDAA09E
:10A59000DFD9FADB2DF8D8A850DAA0D0DED9D0F870
:10A5A000F8F8DB55F8D8A878DAA0D0DFD9D0FAF8D7
:10A5B000F8F8F8DB7DF8D89CA88CF530DB38D9D0DA
:10A5C000DEDFA0D0DEDFD8A848DB58D9DFD0DEA0A0
:10A5D000DFD0DED8A868DB70D9DFDFA0DFDFD8F1FD
:10A5E000A888902C547C98A8D05C38D1DAF2AE8C34
:10A5F000DFF9D8B087A8C1C1B188A8C6F9F9DA36A1
:10A60000D8A8F9DA36D8A8F9DA36D8A8F9DA36D8D7
:10A61000A8F9DA36D8F78D9DADF818DAF2AEDFD8A2
:10A62000F7ADFA30D9A4DEF9D8F2AEDEFAF983A795
:10A63000D9C3C5C7F1889BA77AADF7DEDFA4F8843C
:10A640009408A797F300AEF29819A488C6A394883B
:10A65000F632DFF28393DB09D9F2AADFD8D8AEF85D
:10A66000F9D1DAF3A4DEA7F1889B7AD8F38494AE0B
:10A6700019F9DAAAF1DFD8A881C0C3C5C7A39283AC
:10A68000F628ADDED9F8D8A350ADD9F8D8A378AD67
:10A69000D9F8D8F8F9D1A1DADEC3C5C7D8A1819419
:10A6A000F818F2B089ACC3C5C7F1D8B8B4B0978672
:10A6B000A8319B069907AB9728889BF00C20144083
:10A6C000B0B4B8F0A88A9A285078B79BA8295179D5
:10A6D000247059446938644831F1BBAB88002C546C
:10A6E0007CF0B38BB8A804285078F1B088B49726D2
:10A6F000A85998BBABB38B02264666B0B8F08A9CCB
:10A70000A82951798B2951798A2470598B20587145
:10A710008A4469388B3940688A6448318B30496093
:10A7200088F1AC002C547CF08CA804285078F18877
:10A730009726A85998AC8C02264666F0899CA829D1
:10A740005179247059446938644831A988092059DD
:10A7500070AB11384069A8193148608CA83C415C45
:10A76000207C00F187981986A86E767EA999882D9D
:10A77000557DD8B1B5B9A3DFDFDFAED0DFAAD0DE1B
:10A78000F2ABF8F9D9B087C4AAF1DFDFBBAFDFDFE6
:10A79000B9D8B1F1A3978E60DFB084F2C8F8F9D9C7
:10A7A000DED89385F14AB183A308B5839A0810B720
:10A7B0009F10D8F1B0BAAEB08AC2B2B68E9EF1FB8D
:10A7C000D9F41DD8F9D90CF1D8F8F8AD61D9AEFBA0
:10A7D000D8F40CF1D8F8F8AD19D9AEFBDFD8F416DF
:10A7E000F1D8F8AD8D61D9F4F4ACF59C9C8DDF2BDC
:10A7F000BAB6AEFAF8F40BD8F1AED0F8AD51DAAE85
:10A80000FAF8F1D8B9B1B6A3839C08B9B1839AB567
:10A81000AAC0FD3083B79F10B58B93F20202D1AB73
:10A82000DADED8F1B080BAABC0C3B284C1C3D8B14C
:10A83000B9F38BA391B609B4D9ABDEB0879CB9A3A9
:10A84000DDF1B38B8B8B8B8BB087A3A3A3A3B28BD0
:10A85000B69BF2A3A3A3A3A3A3A3A3A3A3F1B0872F
:10A86000B59AA3F39BA3A3DCBAACDFB9A3A3A3A3BC
:10A87000A3A3A3A3A3A3A3A3A3A3A3A3D8D8D8BBF1
:10A88000B3B7F1AAF9DAFFD9809AAA28B48098A7B9
:10A8900020B79787A86688F07951F1902C870CA78C
:10A8A00081976293F071716085940129517990A527
:10A8B000F1284C6C870C95188578A38390284C6CF4
:10A8C000886CD8F3A28200F210A8921980A2F2D963
:10A8D00026D8F188A84DD948D896A83980D93CD82F
:10A8E0009580A839A68698D92CDA87A72CD8A8896C
:10A8F0009519A980D938D8A88939A980DA3CD8A86F
:10A900002EA83990D90CD8A8953198D90CD8A80977
:10A91000D9FFD801DAFFD89539A9DA26FFD890A84F
:10A920000D8999A810809821DA2ED88999A83180AC
:10A93000DA2ED8A886963180DA2ED8A8873180DA28
:10A940002ED8A88292F34180F1D92ED8A882F3198B
:10A9500080F1D92ED882ACF3C0A28022F1A62EA716
:10A960002EA92298A829DAACDEFFD8A2F22AF1A9F2
:10A970002E8292A8F23180A696F1D900AC8C9C0C64
:10A9800030ACDED0DEFFD88C9CACD010ACDE809238
:10A99000A2F24C82A8F1CAF235F19688A6D900D865
:10A9A000F1FF6800000476005401F7FD00017519FD
:10A9B0001A0C6A231B1C1F207274433B4138393A1E
:10A9C0006B6C376F06246D6E704D4F4445320073CB
:10A9D00070656564323A2025640073706565643A79
:10A9E0002025640070697463683A20252E31660062
:10A9F000726F6C6C3A20252E3166007961773A20AF
:10AA0000252E3166000000008300000000080000D1
:10AA10000001001832000500000020410000D24271
:10AA2000295C0F3E9A99993E3333733F295C0F3E60
:10AA300070AA000800000020500000002801000853
:10AA4000C0AA00085000002060090000440100086E
:10AA50001C00000043000000F8FFFFFF0C00000096
:10AA60000E0000000F0000002E000000000000009B
:10AA700078000000780000000100000010000000D5
:10AA8000010000000100000001000000AEA9000864
:10AA9000A2A9000800000000000000000000000063
:10AAA00000000000000000000000000000000000A6
:10AAB0000000000008AA000800127A000000000050
:04000005080000ED02
:00000001FF
